face_type_id,gender,cluster_id,member_id,alias_id,label,group_name,member_name,image_count,confidence,x,y
F10,F,9,aespa__giselle,aespa__giselle,에스파 지젤,aespa,Giselle,8,0.5859,0.1606,-0.0070
F07,F,2,aespa__karina,aespa__karina,에스파 카리나,aespa,Karina,7,0.5784,-0.2856,-0.1737
F03,F,8,aespa__ningning,aespa__ningning,에스파 닝닝,aespa,Ningning,8,0.5786,-0.1810,-0.0560
F09,F,0,aespa__winter,aespa__winter,에스파 윈터,aespa,Winter,8,0.6580,-0.0264,-0.1901
F02,F,1,ive__gaeul,ive__gaeul,아이브 가을,IVE,Gaeul,8,0.5997,0.1980,0.0324
F03,F,8,ive__leeseo,ive__leeseo,아이브 이서,IVE,Leeseo,8,0.7052,0.2098,0.1637
F01,F,4,ive__liz,ive__liz,아이브 리즈,IVE,Liz,18,0.6385,-0.0153,0.1394
F04,F,3,ive__rei,ive__rei,아이브 레이,IVE,Rei,8,0.6388,0.0934,0.0556
F03,F,8,ive__wonyoung,ive__wonyoung,아이브 장원영,IVE,Wonyoung,11,0.6899,-0.0349,-0.1198
F03,F,8,ive__yujin,ive__yujin,아이브 안유진,IVE,Yujin,8,0.6336,0.0852,0.1353
F05,F,7,le_sserafim__hong_eunchae,le_sserafim__hong_eunchae,르세라핌 홍은채,LE SSERAFIM,Hong Eunchae,7,0.6273,-0.0414,0.1505
F05,F,7,le_sserafim__huh_yunjin,le_sserafim__huh_yunjin,르세라핌 허윤진,LE SSERAFIM,Huh Yunjin,10,0.6693,0.0181,0.2353
F09,F,0,le_sserafim__kazuha,le_sserafim__kazuha,르세라핌 카즈하,LE SSERAFIM,Kazuha,8,0.6956,0.2747,-0.1012
F09,F,0,le_sserafim__kim_chaewon,le_sserafim__kim_chaewon,르세라핌 김채원,LE SSERAFIM,Kim Chaewon,8,0.3621,0.1410,-0.1266
F03,F,8,le_sserafim__sakura,le_sserafim__sakura,르세라핌 사쿠라,LE SSERAFIM,Sakura,8,0.5833,0.0553,0.0767
F02,F,1,newjeans__danielle,newjeans__danielle,뉴진스 다니엘,NewJeans,Danielle,20,0.7368,-0.1428,0.0743
F08,F,5,newjeans__haerin,newjeans__haerin,뉴진스 해린,NewJeans,Haerin,9,0.7522,-0.3036,-0.0096
F05,F,7,newjeans__hanni,newjeans__hanni,뉴진스 하니,NewJeans,Hanni,12,0.6848,-0.2870,0.1888
F08,F,5,newjeans__hyein,newjeans__hyein,뉴진스 혜인,NewJeans,Hyein,12,0.6979,-0.1698,0.1068
F08,F,5,newjeans__minji,newjeans__minji,뉴진스 민지,NewJeans,Minji,14,0.6695,-0.2592,-0.0251
F04,F,3,nmixx__bae,nmixx__bae,엔믹스 배,NMIXX,Bae,7,0.5333,-0.0843,0.1819
F01,F,4,nmixx__haewon,nmixx__haewon,엔믹스 해원,NMIXX,Haewon,8,0.6990,0.3423,0.1361
F01,F,4,nmixx__jiwoo,nmixx__jiwoo,엔믹스 지우,NMIXX,Jiwoo,8,0.5675,0.2084,0.1555
F07,F,2,nmixx__kyujin,nmixx__kyujin,엔믹스 규진,NMIXX,Kyujin,20,0.6522,-0.2914,-0.0121
F05,F,7,nmixx__lily,nmixx__lily,엔믹스 릴리,NMIXX,Lily,18,0.7043,-0.1086,0.3339
F01,F,4,nmixx__sullyoon,nmixx__sullyoon,엔믹스 설윤,NMIXX,Sullyoon,11,0.6608,0.1600,0.2515
F03,F,8,artms__choerry,artms__choerry,ARTMS 최리,ARTMS,Choerry,7,0.5082,-0.0924,0.0866
F04,F,3,artms__haseul,artms__haseul,ARTMS 하슬,ARTMS,HaSeul,7,0.6799,0.1080,-0.0509
F07,F,2,artms__jinsoul,artms__jinsoul,ARTMS 진솔,ARTMS,JinSoul,8,0.5284,-0.2853,-0.2176
F04,F,3,artms__kim_lip,artms__kim_lip,ARTMS 김립,ARTMS,Kim Lip,8,0.7012,0.3277,-0.0308
F03,F,8,fifty_fifty__aran,fifty_fifty__aran,FIFTY FIFTY 아란,FIFTY FIFTY,Aran,8,0.6932,0.1228,0.0493
F03,F,8,fifty_fifty__athena,fifty_fifty__athena,FIFTY FIFTY 아테나,FIFTY FIFTY,Athena,8,0.5916,-0.0040,0.1926
F05,F,7,fifty_fifty__hana,fifty_fifty__hana,FIFTY FIFTY 하나,FIFTY FIFTY,Hana,6,0.5265,-0.0634,0.1242
F07,F,2,fifty_fifty__keena,fifty_fifty__keena,FIFTY FIFTY 키나,FIFTY FIFTY,Keena,8,0.5010,-0.1559,-0.1978
F02,F,1,fifty_fifty__saena,fifty_fifty__saena,FIFTY FIFTY 새나,FIFTY FIFTY,Saena,8,0.6516,0.2230,-0.3832
F03,F,8,fifty_fifty__sio,fifty_fifty__sio,FIFTY FIFTY 시오,FIFTY FIFTY,Sio,8,0.6461,0.1347,0.1761
F03,F,8,fifty_fifty__yewon,fifty_fifty__yewon,FIFTY FIFTY 예원,FIFTY FIFTY,Yewon,8,0.6206,0.2627,0.0807
F03,F,8,h1_key__hwiseo,h1_key__hwiseo,H1-KEY 휘서,H1-KEY,Hwiseo,7,0.4692,-0.0380,-0.0768
F01,F,4,h1_key__riina,h1_key__riina,H1-KEY 리이나,H1-KEY,Riina,8,0.6550,0.0219,-0.0709
F09,F,0,h1_key__seoi,h1_key__seoi,H1-KEY 서이,H1-KEY,Seoi,6,0.5815,0.0521,0.1917
F05,F,7,h1_key__sitala,h1_key__sitala,H1-KEY 시탈라,H1-KEY,Sitala,7,0.7741,-0.2758,0.1288
F08,F,5,h1_key__yel,h1_key__yel,H1-KEY 옐,H1-KEY,Yel,6,0.5538,-0.1580,-0.3825
F01,F,4,hearts2hearts__a_na,hearts2hearts__a_na,Hearts2Hearts 에이나,Hearts2Hearts,A-na,8,0.6781,0.0953,0.2036
F05,F,7,hearts2hearts__carmen,hearts2hearts__carmen,Hearts2Hearts 카르멘,Hearts2Hearts,Carmen,8,0.6771,-0.1091,0.2365
F07,F,2,hearts2hearts__ian,hearts2hearts__ian,Hearts2Hearts 이안,Hearts2Hearts,Ian,8,0.6055,-0.2019,-0.0218
F04,F,3,hearts2hearts__jiwoo,hearts2hearts__jiwoo,Hearts2Hearts 지우,Hearts2Hearts,Jiwoo,7,0.5422,0.0187,-0.0078
F04,F,3,hearts2hearts__juun,hearts2hearts__juun,Hearts2Hearts 주은,Hearts2Hearts,Juun,8,0.6156,0.1886,-0.0639
F08,F,5,hearts2hearts__stella,hearts2hearts__stella,Hearts2Hearts 스텔라,Hearts2Hearts,Stella,8,0.6006,-0.1619,-0.1690
F05,F,7,hearts2hearts__ye_on,hearts2hearts__ye_on,Hearts2Hearts 예온,Hearts2Hearts,Ye-on,7,0.6331,0.0069,0.1586
F01,F,4,hearts2hearts__yuha,hearts2hearts__yuha,Hearts2Hearts 유하,Hearts2Hearts,Yuha,8,0.5731,-0.0539,0.2649
F07,F,2,illit__iroha,illit__iroha,ILLIT 이로하,ILLIT,Iroha,7,0.7152,-0.2146,0.0725
F03,F,8,illit__minju,illit__minju,ILLIT 민주,ILLIT,Minju,8,0.5969,-0.0213,0.2491
F03,F,8,illit__moka,illit__moka,ILLIT 모카,ILLIT,Moka,6,0.4359,-0.0485,0.1230
F02,F,1,illit__wonhee,illit__wonhee,ILLIT 원희,ILLIT,Wonhee,8,0.6408,0.1907,-0.1398
F01,F,4,illit__yunah,illit__yunah,ILLIT 윤아,ILLIT,Yunah,7,0.6503,-0.0623,0.2457
F08,F,5,izna__koko,izna__koko,izna 코코,izna,Koko,6,0.5608,-0.2108,-0.1706
F08,F,5,izna__mai,izna__mai,izna 마이,izna,Mai,5,0.6736,-0.3985,-0.0510
F03,F,8,katseye__yoonchae,katseye__yoonchae,KATSEYE 윤채,KATSEYE,Yoonchae,7,0.5374,-0.1175,0.0881
F02,F,1,kep1er__chaehyun,kep1er__chaehyun,Kep1er 채현,Kep1er,Chaehyun,8,0.5678,-0.0576,-0.2689
F02,F,1,kep1er__dayeon,kep1er__dayeon,Kep1er 다연,Kep1er,Dayeon,8,0.5542,-0.1568,0.0538
F10,F,9,kep1er__hikaru,kep1er__hikaru,Kep1er 히카루,Kep1er,Hikaru,8,0.5895,0.2514,0.0168
F01,F,4,kep1er__huening_bahiyyih,kep1er__huening_bahiyyih,Kep1er 휴닝바히에,Kep1er,Huening Bahiyyih,8,0.7649,0.1910,0.1739
F01,F,4,kep1er__mashiro,kep1er__mashiro,Kep1er 마시로,Kep1er,Mashiro,6,0.6138,-0.2158,0.2784
F03,F,8,kep1er__xiaoting,kep1er__xiaoting,Kep1er 샤오팅,Kep1er,Xiaoting,8,0.7031,0.0713,0.0251
F01,F,4,kep1er__yeseo,kep1er__yeseo,Kep1er 예서,Kep1er,Yeseo,7,0.5654,-0.1640,-0.1319
F02,F,1,kep1er__youngeun,kep1er__youngeun,Kep1er 영은,Kep1er,Youngeun,8,0.5496,0.1762,-0.3199
F04,F,3,kep1er__yujin,kep1er__yujin,Kep1er 유진,Kep1er,Yujin,8,0.6026,-0.1097,-0.2716
F03,F,8,kiiikiii__haum,kiiikiii__haum,KiiiKiii 하음,KiiiKiii,Haum,7,0.6186,-0.2414,0.0895
F02,F,1,kiiikiii__jiyu,kiiikiii__jiyu,KiiiKiii 지유,KiiiKiii,Jiyu,6,0.6127,-0.0132,-0.1716
F03,F,8,kiiikiii__kya,kiiikiii__kya,KiiiKiii 키야,KiiiKiii,Kya,7,0.5507,-0.1072,0.0864
F02,F,1,kiiikiii__leesol,kiiikiii__leesol,KiiiKiii 이솔,KiiiKiii,Leesol,6,0.7020,-0.1322,-0.2089
F02,F,1,kiiikiii__sui,kiiikiii__sui,KiiiKiii 수이,KiiiKiii,Sui,8,0.6756,0.0229,-0.0895
F01,F,4,kiss_of_life__belle,kiss_of_life__belle,KISS OF LIFE 벨,KISS OF LIFE,Belle,8,0.7016,0.1889,0.1371
F08,F,5,kiss_of_life__haneul,kiss_of_life__haneul,KISS OF LIFE 하늘,KISS OF LIFE,Haneul,8,0.6542,-0.1491,-0.0881
F06,F,6,kiss_of_life__julie,kiss_of_life__julie,KISS OF LIFE 쥴리,KISS OF LIFE,Julie,8,0.5896,0.0412,-0.1858
F06,F,6,kiss_of_life__natty,kiss_of_life__natty,KISS OF LIFE 나띠,KISS OF LIFE,Natty,8,0.5965,0.2151,0.0469
F03,F,8,meovv__anna,meovv__anna,MEOVV 안나,MEOVV,Anna,8,0.5629,-0.3016,0.2759
F08,F,5,meovv__ella,meovv__ella,MEOVV 엘라,MEOVV,Ella,8,0.6462,-0.3607,-0.0400
F03,F,8,meovv__gawon,meovv__gawon,MEOVV 가원,MEOVV,Gawon,7,0.5690,0.0154,0.0134
F07,F,2,meovv__narin,meovv__narin,MEOVV 나린,MEOVV,Narin,7,0.5868,-0.2309,0.1420
F03,F,8,meovv__sooin,meovv__sooin,MEOVV 수인,MEOVV,Sooin,7,0.6239,0.0551,-0.0996
F07,F,2,niziu__ayaka,niziu__ayaka,NiziU 아야카,NiziU,Ayaka,7,0.5932,-0.2310,-0.2347
F07,F,2,niziu__mako,niziu__mako,NiziU 마코,NiziU,Mako,8,0.6842,-0.2807,-0.2459
F04,F,3,niziu__maya,niziu__maya,NiziU 마야,NiziU,Maya,8,0.5512,-0.0918,0.1266
F09,F,0,niziu__mayuka,niziu__mayuka,NiziU 마유카,NiziU,Mayuka,7,0.5054,-0.1379,0.0083
F01,F,4,niziu__miihi,niziu__miihi,NiziU 미이히,NiziU,Miihi,8,0.5041,0.1250,0.2100
F05,F,7,niziu__nina,niziu__nina,NiziU 니나,NiziU,Nina,7,0.5721,-0.1876,0.1244
F01,F,4,niziu__riku,niziu__riku,NiziU 리쿠,NiziU,Riku,8,0.5307,-0.0138,0.1155
F01,F,4,niziu__rima,niziu__rima,NiziU 리마,NiziU,Rima,8,0.6404,-0.0608,0.4434
F06,F,6,niziu__rio,niziu__rio,NiziU 리오,NiziU,Rio,7,0.5506,-0.1630,-0.2118
F06,F,6,qwer__chodan,qwer__chodan,QWER 쵸단,QWER,Chodan,8,0.7142,-0.0566,-0.1626
F06,F,6,qwer__hina,qwer__hina,QWER 히나,QWER,Hina,8,0.7171,0.0957,-0.2207
F02,F,1,qwer__magenta,qwer__magenta,QWER 마젠타,QWER,Magenta,7,0.6064,0.1910,-0.2992
F05,F,7,qwer__siyeon,qwer__siyeon,QWER 시연,QWER,Siyeon,8,0.6111,-0.2622,-0.0239
F03,F,8,rescene__liv,rescene__liv,RESCENE 리브,RESCENE,Liv,8,0.5124,-0.0344,0.0779
F01,F,4,rescene__may,rescene__may,RESCENE 메이,RESCENE,May,8,0.4580,-0.1487,0.3745
F03,F,8,rescene__minami,rescene__minami,RESCENE 미나미,RESCENE,Minami,8,0.6037,-0.0558,0.2000
F09,F,0,rescene__woni,rescene__woni,RESCENE 원이,RESCENE,Woni,7,0.5872,-0.1044,0.0911
F03,F,8,rescene__zena,rescene__zena,RESCENE 제나,RESCENE,Zena,8,0.6368,0.1604,0.0521
F09,F,0,say_my_name__dohee,say_my_name__dohee,SAY MY NAME 도희,SAY MY NAME,Dohee,8,0.6585,0.0744,0.0042
F02,F,1,say_my_name__hitomi,say_my_name__hitomi,SAY MY NAME 히토미,SAY MY NAME,Hitomi,8,0.6446,0.3023,-0.1092
F03,F,8,say_my_name__junhwi,say_my_name__junhwi,SAY MY NAME 준휘,SAY MY NAME,Junhwi,8,0.5837,0.2337,-0.0155
F01,F,4,say_my_name__kanny,say_my_name__kanny,SAY MY NAME 카니,SAY MY NAME,Kanny,8,0.5611,-0.0547,0.2195
F06,F,6,say_my_name__mei,say_my_name__mei,SAY MY NAME 메이,SAY MY NAME,Mei,8,0.5724,0.4496,0.0134
F07,F,2,say_my_name__seungjoo,say_my_name__seungjoo,SAY MY NAME 승주,SAY MY NAME,Seungjoo,6,0.6375,-0.1077,-0.0270
F05,F,7,say_my_name__shuie,say_my_name__shuie,SAY MY NAME 슈이,SAY MY NAME,Shuie,7,0.3965,-0.3185,0.1266
F03,F,8,say_my_name__soha,say_my_name__soha,SAY MY NAME 소하,SAY MY NAME,Soha,7,0.6111,0.0692,0.2048
F04,F,3,stayc__isa,stayc__isa,STAYC 아이사,STAYC,Isa,8,0.4729,-0.1303,-0.1195
F01,F,4,stayc__j,stayc__j,STAYC 재이,STAYC,J,8,0.6032,0.1567,0.1672
F03,F,8,stayc__seeun,stayc__seeun,STAYC 세은,STAYC,Seeun,8,0.5882,-0.1825,0.1918
F10,F,9,stayc__sieun,stayc__sieun,STAYC 시은,STAYC,Sieun,8,0.6712,0.2495,0.1017
F09,F,0,stayc__sumin,stayc__sumin,STAYC 수민,STAYC,Sumin,8,0.4869,0.1204,-0.0440
F01,F,4,stayc__yoon,stayc__yoon,STAYC 윤,STAYC,Yoon,6,0.4958,0.0183,0.2668
F04,F,3,viviz__eunha,jung_eunbi,VIVIZ 은하,VIVIZ,Eunha,8,0.6182,0.1179,-0.1191
F06,F,6,viviz__sinb,hwang_eunbi,VIVIZ 신비,VIVIZ,SinB,8,0.6942,0.2141,-0.1418
F05,F,7,gfriend__umji,kim_yewon_umji,여자친구 엄지,GFRIEND,Umji,5,0.6618,-0.2408,-0.0289
F01,F,4,xg__chisa,xg__chisa,XG 치사,XG,Chisa,8,0.5694,-0.0114,0.0046
F07,F,2,xg__cocona,xg__cocona,XG 코코나,XG,Cocona,8,0.6327,-0.2009,-0.1551
F05,F,7,xg__harvey,xg__harvey,XG 하비,XG,Harvey,8,0.5090,0.0344,0.2862
F02,F,1,xg__hinata,xg__hinata,XG 히나타,XG,Hinata,8,0.5660,-0.0113,-0.0974
F07,F,2,xg__juria,xg__juria,XG 쥬리아,XG,Juria,8,0.4928,-0.2128,-0.1509
F05,F,7,xg__jurin,xg__jurin,XG 주린,XG,Jurin,8,0.6277,-0.1106,0.3525
F10,F,9,xg__maya,xg__maya,XG 마야,XG,Maya,7,0.4499,0.0205,0.1281
F04,F,3,adya__chaeeun,adya__chaeeun,ADYA 채은,ADYA,Chaeeun,5,0.5694,0.0038,0.1088
F01,F,4,adya__sena,adya__sena,ADYA 세나,ADYA,Sena,8,0.4835,0.0200,0.2845
F04,F,3,adya__seowon,adya__seowon,ADYA 서원,ADYA,Seowon,7,0.5554,0.2067,-0.0987
F07,F,2,adya__yeonsu,adya__yeonsu,ADYA 연수,ADYA,Yeonsu,5,0.5789,0.0100,-0.1980
F02,F,1,arise__alisa,arise__alisa,ARISE 알리사,ARISE,Alisa,5,0.4012,-0.0040,-0.2750
F04,F,3,arise__jihu,arise__jihu,ARISE 지후,ARISE,Jihu,5,0.6534,0.0609,-0.1880
F03,F,8,arise__minju,arise__minju,ARISE 민주,ARISE,Minju,7,0.5925,-0.0978,0.3317
F03,F,8,atheart__arin,atheart__arin,AtHeart 아린,AtHeart,Arin,5,0.6073,0.0663,-0.0571
F05,F,7,atheart__katelyn,atheart__katelyn,AtHeart 케이틀린,AtHeart,Katelyn,6,0.6327,-0.0629,0.3919
F05,F,7,atheart__nahyun,atheart__nahyun,AtHeart 나현,AtHeart,Nahyun,6,0.8076,-0.2831,0.1776
F03,F,8,baby_dont_cry__beni,baby_dont_cry__beni,Baby DONT Cry 베니,Baby DONT Cry,Beni,8,0.5458,0.0293,0.0023
F01,F,4,baby_dont_cry__kumi,baby_dont_cry__kumi,Baby DONT Cry 쿠미,Baby DONT Cry,Kumi,5,0.5157,0.1467,0.0908
F01,F,4,baby_dont_cry__mia,baby_dont_cry__mia,Baby DONT Cry 미아,Baby DONT Cry,Mia,6,0.6581,-0.0255,0.0984
F03,F,8,baby_dont_cry__yihyun,baby_dont_cry__yihyun,Baby DONT Cry 이현,Baby DONT Cry,Yihyun,7,0.7436,-0.1019,0.0249
F03,F,8,babymonster__ahyeon,babymonster__ahyeon,BABYMONSTER 아현,BABYMONSTER,Ahyeon,8,0.5836,0.0257,0.3146
F01,F,4,babymonster__asa,babymonster__asa,BABYMONSTER 아사,BABYMONSTER,Asa,8,0.5597,0.1723,0.2278
F08,F,5,babymonster__chiquita,babymonster__chiquita,BABYMONSTER 치키타,BABYMONSTER,Chiquita,8,0.5881,-0.4674,0.0942
F05,F,7,babymonster__pharita,babymonster__pharita,BABYMONSTER 파리타,BABYMONSTER,Pharita,8,0.6343,0.2159,0.0710
F02,F,1,babymonster__rami,babymonster__rami,BABYMONSTER 라미,BABYMONSTER,Rami,8,0.6355,0.1494,-0.0741
F02,F,1,babymonster__rora,babymonster__rora,BABYMONSTER 로라,BABYMONSTER,Rora,8,0.5297,0.1204,-0.1285
F08,F,5,babymonster__ruka,babymonster__ruka,BABYMONSTER 루카,BABYMONSTER,Ruka,7,0.4931,-0.1127,-0.2465
F01,F,4,badvillain__chloe_young,badvillain__chloe_young,BADVILLAIN 클로이영,BADVILLAIN,Chloe Young,7,0.5338,0.2760,0.1954
F06,F,6,badvillain__emma,badvillain__emma,BADVILLAIN 엠마,BADVILLAIN,Emma,6,0.5124,0.1085,-0.2118
F06,F,6,badvillain__ina,badvillain__ina,BADVILLAIN 이나,BADVILLAIN,INA,8,0.3740,0.2218,0.0784
F02,F,1,badvillain__kelly,badvillain__kelly,BADVILLAIN 켈리,BADVILLAIN,Kelly,5,0.5859,0.0510,-0.0988
F04,F,3,badvillain__vin,badvillain__vin,BADVILLAIN 빈,BADVILLAIN,Vin,6,0.5407,0.2551,0.0453
F02,F,1,badvillain__yunseo,badvillain__yunseo,BADVILLAIN 윤서,BADVILLAIN,YunSeo,8,0.4903,0.3220,-0.1333
F01,F,4,bewave__gowoon,bewave__gowoon,BEWAVE 고운,BEWAVE,Gowoon,8,0.5912,0.1721,0.2774
F05,F,7,bewave__jiun,bewave__jiun,BEWAVE 지언,BEWAVE,Jiun,13,0.4030,0.0474,0.1851
F04,F,3,bewave__lena,bewave__lena,BEWAVE 레나,BEWAVE,Lena,6,0.6056,0.1093,0.1539
F08,F,5,bewave__yunseul,bewave__yunseul,BEWAVE 윤슬,BEWAVE,Yunseul,10,0.5855,-0.2138,-0.3083
F06,F,6,bewave__zena,bewave__zena,BEWAVE 제나,BEWAVE,Zena,8,0.4647,0.0676,-0.0363
F09,F,0,billlie__haram,billlie__haram,Billlie 하람,Billlie,Haram,8,0.5942,-0.1025,0.0199
F04,F,3,billlie__haruna,billlie__haruna,Billlie 하루나,Billlie,Haruna,8,0.5967,0.0123,0.1348
F07,F,2,billlie__moon_sua,billlie__moon_sua,Billlie 문수아,Billlie,Moon Sua,8,0.5251,-0.3629,0.0210
F06,F,6,billlie__sheon,billlie__sheon,Billlie 션,Billlie,Sheon,7,0.6643,-0.0488,-0.1444
F03,F,8,billlie__siyoon,billlie__siyoon,Billlie 시윤,Billlie,Siyoon,7,0.5726,-0.1246,-0.0703
F06,F,6,billlie__suhyeon,billlie__suhyeon,Billlie 수현,Billlie,Suhyeon,7,0.6145,0.1502,-0.1321
F05,F,7,candy_shop__julia,candy_shop__julia,Candy Shop 줄리아,Candy Shop,Julia,6,0.7066,-0.0095,0.1904
F07,F,2,candy_shop__sarang,candy_shop__sarang,Candy Shop 사랑,Candy Shop,Sarang,6,0.5965,-0.2407,-0.2124
F03,F,8,candy_shop__soram,candy_shop__soram,Candy Shop 소람,Candy Shop,Soram,7,0.6544,0.1728,0.0243
F09,F,0,candy_shop__sui,candy_shop__sui,Candy Shop 수이,Candy Shop,Sui,8,0.5657,-0.0050,0.0815
F06,F,6,candy_shop__yuina,candy_shop__yuina,Candy Shop 유이나,Candy Shop,Yuina,7,0.7303,0.1578,0.0522
F07,F,2,class_y__boeun,class_y__boeun,CLASS:y 보은,CLASS:y,Boeun,7,0.6480,-0.1922,-0.1863
F02,F,1,class_y__chaewon,class_y__chaewon,CLASS:y 채원,CLASS:y,Chaewon,7,0.6444,0.2984,-0.3170
F06,F,6,class_y__hyeju,class_y__hyeju,CLASS:y 혜주,CLASS:y,Hyeju,7,0.6305,0.2997,-0.0831
F09,F,0,class_y__hyungseo,class_y__hyungseo,CLASS:y 형서,CLASS:y,Hyungseo,6,0.5542,0.0322,0.0531
F02,F,1,class_y__riwon,class_y__riwon,CLASS:y 리원,CLASS:y,Riwon,7,0.6553,-0.1059,-0.1786
F02,F,1,craxy__chaey,craxy__chaey,CRAXY 채이,CRAXY,ChaeY,6,0.5992,-0.0130,-0.2576
F03,F,8,craxy__hyejin,craxy__hyejin,CRAXY 혜진,CRAXY,Hyejin,5,0.5173,0.0796,-0.1452
F02,F,1,craxy__karin,craxy__karin,CRAXY 카린,CRAXY,Karin,7,0.6308,0.0451,-0.0887
F02,F,1,craxy__swan,craxy__swan,CRAXY 수안,CRAXY,Swan,8,0.5308,0.1208,-0.0891
F04,F,3,craxy__wooah,craxy__wooah,CRAXY 우아,CRAXY,Wooah,7,0.4843,0.2504,0.1423
F03,F,8,el7z_up__hwiseo,el7z_up__hwiseo,EL7Z UP 휘서,EL7Z UP,Hwiseo,8,0.5769,-0.0377,-0.0657
F02,F,1,el7z_up__kei,el7z_up__kei,EL7Z UP 케이,EL7Z UP,Kei,8,0.5539,0.0954,-0.1394
F07,F,2,el7z_up__nana,el7z_up__nana,EL7Z UP 나나,EL7Z UP,Nana,7,0.5764,-0.0677,-0.3107
F08,F,5,el7z_up__yeeun,el7z_up__yeeun,EL7Z UP 예은,EL7Z UP,Yeeun,7,0.5905,-0.2385,-0.1056
F01,F,4,el7z_up__yeonhee,el7z_up__yeonhee,EL7Z UP 연희,EL7Z UP,Yeonhee,7,0.6901,0.0930,0.0780
F09,F,0,el7z_up__yeoreum,el7z_up__yeoreum,EL7Z UP 여름,EL7Z UP,Yeoreum,5,0.6568,-0.0256,-0.2595
F01,F,4,el7z_up__yuki,el7z_up__yuki,EL7Z UP 유키,EL7Z UP,Yuki,7,0.7415,0.3910,0.2528
F06,F,6,geenius__yeyoung,geenius__yeyoung,지니어스 예영,Geenius,Yeyoung,6,0.7216,0.0408,0.0049
F02,F,1,heart_of_woman__chaei,heart_of_woman__chaei,HEART OF WOMAN 채이,HEART OF WOMAN,Chaei,5,0.6319,-0.0634,-0.1990
F04,F,3,i_met_u__cleo,i_met_u__cleo,I.MET.U 클레오,I.MET.U,Cleo,5,0.4831,-0.0270,-0.1085
F05,F,7,i_met_u__lea,i_met_u__lea,I.MET.U 리아,I.MET.U,Lea,11,0.4388,-0.2935,0.1118
F07,F,2,i_met_u__yerin,i_met_u__yerin,I.MET.U 예린,I.MET.U,Yerin,6,0.6033,-0.0518,-0.1744
F08,F,5,ichillin__chaerin,ichillin__chaerin,ICHILLIN' 채린,ICHILLIN',Chaerin,8,0.6417,-0.3962,-0.2821
F05,F,7,ichillin__chowon,ichillin__chowon,ICHILLIN' 초원,ICHILLIN',Chowon,6,0.4972,-0.0980,0.1253
F05,F,7,ichillin__e_ji,ichillin__e_ji,ICHILLIN' 이지,ICHILLIN',E.JI,7,0.4839,-0.0995,0.2431
F10,F,9,ichillin__jackie,ichillin__jackie,ICHILLIN' 재키,ICHILLIN',Jackie,8,0.5267,-0.0492,-0.0467
F01,F,4,ichillin__jiyoon,ichillin__jiyoon,ICHILLIN' 지윤,ICHILLIN',Jiyoon,7,0.5236,0.2395,-0.0015
F08,F,5,ichillin__joonie,ichillin__joonie,ICHILLIN' 주니,ICHILLIN',Joonie,7,0.5950,-0.0880,-0.2471
F10,F,9,ichillin__sohee,ichillin__sohee,ICHILLIN' 소희,ICHILLIN',Sohee,19,0.3851,0.1320,-0.0423
F03,F,8,ichillin__yeju,ichillin__yeju,ICHILLIN' 예주,ICHILLIN',Yeju,8,0.5684,-0.0510,0.0523
F03,F,8,iii__ahra,iii__ahra,iii 아라,iii,Ahra,5,0.5737,-0.1389,-0.1823
F01,F,4,iii__evie,iii__evie,iii 이비,iii,Evie,7,0.5670,0.0721,-0.0162
F03,F,8,iii__namkhing,iii__namkhing,iii 남킹,iii,Namkhing,5,0.6092,0.0876,0.1505
F10,F,9,iii__nicole,iii__nicole,iii 니콜,iii,Nicole,8,0.4248,0.1090,0.2030
F06,F,6,iii__soobin,iii__soobin,iii 수빈,iii,Soobin,8,0.5252,0.2157,0.0770
F04,F,3,iii__taeri,iii__taeri,iii 태리,iii,Taeri,6,0.5279,-0.1260,-0.1764
F05,F,7,iii__vivi,iii__vivi,iii 비비,iii,Vivi,8,0.4859,-0.0640,-0.0712
F02,F,1,iii__yan,iii__yan,iii 얀,iii,Yan,5,0.8517,-0.0705,-0.1737
F02,F,1,kiiras__doyeon,kiiras__doyeon,키라스 도연,KIIRAS,Doyeon,7,0.7350,-0.0113,-0.1503
F08,F,5,kiiras__harin,kiiras__harin,키라스 하린,KIIRAS,Harin,7,0.6250,-0.2139,-0.0353
F02,F,1,kiiras__kurumi,kiiras__kurumi,키라스 쿠루미,KIIRAS,Kurumi,6,0.6882,0.0637,-0.2911
F04,F,3,kiiras__kylie,kiiras__kylie,키라스 카일리,KIIRAS,Kylie,5,0.6284,0.0299,-0.0163
F07,F,2,kiiras__lingling,kiiras__lingling,키라스 링링,KIIRAS,LingLing,7,0.7399,-0.2697,-0.1109
F02,F,1,kiiras__roah,kiiras__roah,키라스 로아,KIIRAS,Roah,7,0.7982,-0.0456,-0.1968
F01,F,4,lightsum__chowon,lightsum__chowon,라잇썸 초원,LIGHTSUM,Chowon,8,0.5060,0.1244,0.1189
F01,F,4,lightsum__hina,lightsum__hina,라잇썸 히나,LIGHTSUM,Hina,8,0.6336,0.1996,0.0927
F04,F,3,lightsum__huiyeon,lightsum__huiyeon,라잇썸 희연,LIGHTSUM,Huiyeon,8,0.6417,-0.0430,-0.2271
F01,F,4,lightsum__jian,lightsum__jian,라잇썸 지안,LIGHTSUM,Jian,8,0.6289,-0.1060,0.1493
F02,F,1,lightsum__juhyeon,lightsum__juhyeon,라잇썸 주현,LIGHTSUM,Juhyeon,7,0.5559,0.0965,-0.0611
F01,F,4,lightsum__nayoung,lightsum__nayoung,라잇썸 나영,LIGHTSUM,Nayoung,8,0.5473,0.1438,0.1050
F08,F,5,lightsum__sangah,lightsum__sangah,라잇썸 상아,LIGHTSUM,Sangah,8,0.5233,-0.3166,-0.0279
F08,F,5,lightsum__yujeong,lightsum__yujeong,라잇썸 유정,LIGHTSUM,Yujeong,7,0.5533,-0.2300,-0.0357
F05,F,7,limelight__gaeun,limelight__gaeun,LIMELIGHT 가은,LIMELIGHT,Gaeun,8,0.6228,-0.0620,-0.1341
F01,F,4,limelight__miu,limelight__miu,LIMELIGHT 미유,LIMELIGHT,MiU,6,0.5584,0.0311,0.2127
F04,F,3,limelight__suhye,limelight__suhye,LIMELIGHT 수혜,LIMELIGHT,Suhye,8,0.6049,0.2584,-0.1589
F05,F,7,madein__gaeun,madein__gaeun,MADEIN 가은,MADEIN,Gaeun,8,0.6073,-0.0838,-0.0901
F01,F,4,madein__mashiro,madein__mashiro,MADEIN 마시로,MADEIN,Mashiro,5,0.6117,-0.2546,0.3024
F01,F,4,madein__miu,madein__miu,MADEIN 미유,MADEIN,MiU,8,0.5105,0.0433,0.2495
F04,F,3,madein__suhye,madein__suhye,MADEIN 수혜,MADEIN,Suhye,7,0.6154,0.3419,-0.1780
F01,F,4,madein__yeseo,madein__yeseo,MADEIN 예서,MADEIN,Yeseo,8,0.5519,-0.0523,0.0755
F07,F,2,mimiirose__anna,mimiirose__anna,미미로즈 안나,MIMIIROSE,Anna,8,0.7588,0.1092,-0.1267
F10,F,9,mimiirose__hyori,mimiirose__hyori,미미로즈 효리,MIMIIROSE,Hyori,7,0.6598,0.1877,0.0767
F04,F,3,mimiirose__jia,mimiirose__jia,미미로즈 지아,MIMIIROSE,Jia,8,0.6752,-0.1050,-0.1692
F02,F,1,mimiirose__yeonjae,mimiirose__yeonjae,미미로즈 연재,MIMIIROSE,Yeonjae,5,0.6646,0.2528,0.0268
F06,F,6,mimiirose__yerin,mimiirose__yerin,미미로즈 예린,MIMIIROSE,Yerin,6,0.6787,-0.0523,-0.0563
F08,F,5,mimiirose__yunju,mimiirose__yunju,미미로즈 윤주,MIMIIROSE,Yunju,6,0.7256,-0.2295,-0.0176
F04,F,3,odd_youth__kanie,odd_youth__kanie,ODD YOUTH 카니,ODD YOUTH,Kanie,7,0.4869,-0.0663,-0.0515
F02,F,1,odd_youth__maika,odd_youth__maika,ODD YOUTH 마이카,ODD YOUTH,Maika,6,0.4768,0.1659,0.0713
F01,F,4,odd_youth__myah,odd_youth__myah,ODD YOUTH 마야,ODD YOUTH,Myah,5,0.5421,-0.0650,0.0404
F02,F,1,odd_youth__yeeum,odd_youth__yeeum,ODD YOUTH 예음,ODD YOUTH,Yeeum,8,0.6601,-0.2447,-0.1647
F05,F,7,prikil__nana,prikil__nana,PRIKIL 나나,PRIKIL,Nana,8,0.5753,-0.1378,0.1786
F04,F,3,prikil__rin,prikil__rin,PRIKIL 린,PRIKIL,Rin,5,0.5484,0.3193,-0.1801
F03,F,8,prikil__rinko,prikil__rinko,PRIKIL 린코,PRIKIL,Rinko,8,0.5154,0.1894,0.2686
F04,F,3,prikil__uta,prikil__uta,PRIKIL 우타,PRIKIL,Uta,7,0.6872,-0.0298,-0.1323
F06,F,6,prikil__yukino,prikil__yukino,PRIKIL 유키노,PRIKIL,Yukino,7,0.5691,0.0497,0.0070
F04,F,3,queenz_eye__ahyoon,queenz_eye__ahyoon,Queenz Eye 아윤,Queenz Eye,Ahyoon,8,0.6135,-0.0185,-0.0535
F02,F,1,queenz_eye__damin,queenz_eye__damin,Queenz Eye 다민,Queenz Eye,Damin,7,0.5674,-0.0109,-0.1397
F06,F,6,queenz_eye__hannah,queenz_eye__hannah,Queenz Eye 해나,Queenz Eye,Hannah,5,0.5624,-0.0826,0.0406
F06,F,6,queenz_eye__narin,queenz_eye__narin,Queenz Eye 나린,Queenz Eye,Narin,7,0.6393,0.1325,0.1909
F06,F,6,queenz_eye__wonchae,queenz_eye__wonchae,Queenz Eye 원채,Queenz Eye,Wonchae,8,0.5861,-0.1505,-0.2648
F07,F,2,rocking_doll__juri,rocking_doll__juri,Rocking doll 주리,Rocking doll,Juri,5,0.5338,0.0121,-0.0506
F10,F,9,secret_number__denise,secret_number__denise,SECRET NUMBER 데니스,SECRET NUMBER,Denise,7,0.6115,0.0220,-0.0075
F01,F,4,secret_number__dinda,secret_number__dinda,SECRET NUMBER 딘다,SECRET NUMBER,Dinda,5,0.3623,0.1050,0.2837
F10,F,9,secret_number__dita,secret_number__dita,SECRET NUMBER 디타,SECRET NUMBER,Dita,5,0.6971,0.1435,0.2263
F03,F,8,secret_number__ebin,secret_number__ebin,SECRET NUMBER 에빈,SECRET NUMBER,Ebin,5,0.6288,-0.0555,0.0867
F09,F,0,secret_number__jinny,secret_number__jinny,SECRET NUMBER 진희,SECRET NUMBER,Jinny,8,0.6609,0.0912,-0.1778
F10,F,9,secret_number__min_c,secret_number__min_c,SECRET NUMBER 민씨,SECRET NUMBER,Min C,7,0.5248,0.2489,-0.0415
F10,F,9,secret_number__minji,secret_number__minji,SECRET NUMBER 민지,SECRET NUMBER,Minji,8,0.6848,0.2759,-0.0330
F03,F,8,secret_number__soodam,secret_number__soodam,SECRET NUMBER 수담,SECRET NUMBER,Soodam,8,0.7358,-0.0401,-0.2390
F06,F,6,secret_number__zuu,secret_number__zuu,SECRET NUMBER 주,SECRET NUMBER,Zuu,8,0.7746,0.1638,-0.0701
F03,F,8,triples__jiyeon,triples__jiyeon,tripleS 지연,tripleS,JiYeon,7,0.5374,-0.0642,-0.0956
F01,F,4,triples__joobin,triples__joobin,tripleS 주빈,tripleS,JooBin,7,0.7223,0.1593,0.1198
F02,F,1,triples__kaede,triples__kaede,tripleS 카에데,tripleS,Kaede,6,0.7042,0.3121,-0.1479
F04,F,3,triples__kotone,triples__kotone,tripleS 코토네,tripleS,Kotone,8,0.5724,-0.0196,-0.0054
F08,F,5,triples__lynn,triples__lynn,tripleS 린,tripleS,Lynn,8,0.6221,-0.3478,-0.0587
F07,F,2,triples__mayu,triples__mayu,tripleS 마유,tripleS,Mayu,5,0.5963,0.0258,0.1150
F04,F,3,triples__nien,triples__nien,tripleS 니엔,tripleS,Nien,8,0.5433,0.0955,-0.1609
F02,F,1,triples__seoah,triples__seoah,tripleS 서아,tripleS,SeoAh,7,0.5657,0.0090,-0.1896
F01,F,4,triples__sullin,triples__sullin,tripleS 설린,tripleS,Sullin,8,0.5441,0.1266,-0.0419
F03,F,8,triples__xinyu,triples__xinyu,tripleS 신위,tripleS,Xinyu,7,0.5505,-0.0885,-0.1722
F09,F,0,udtt__jessica,udtt__jessica,UDTT 제시카,UDTT,Jessica,8,0.4553,-0.1543,-0.0950
F06,F,6,udtt__koo_hanna,udtt__koo_hanna,UDTT 구한나,UDTT,Koo Hanna,8,0.5683,-0.1782,-0.0078
F05,F,7,udtt__kwon_yejin,udtt__kwon_yejin,UDTT 권예진,UDTT,Kwon Yejin,5,0.4600,-0.3054,0.0225
F03,F,8,unchild__heekie,unchild__heekie,UNCHILD 히키,UNCHILD,Heekie,6,0.3864,0.0499,-0.1658
F08,F,5,unchild__tina,unchild__tina,UNCHILD 티나,UNCHILD,Tina,6,0.6086,-0.2603,-0.0942
F08,F,5,unchild__yeeun,unchild__yeeun,UNCHILD 예은,UNCHILD,Yeeun,8,0.5219,-0.2497,-0.1711
F02,F,1,uspeer__chaena,uspeer__chaena,USPEER 채나,USPEER,Chaena,6,0.5789,-0.0597,-0.1840
F02,F,1,uspeer__daon,uspeer__daon,USPEER 다온,USPEER,Daon,6,0.4775,0.1975,-0.2158
F02,F,1,uspeer__roa,uspeer__roa,USPEER 로아,USPEER,Roa,8,0.6490,0.1689,-0.0740
F02,F,1,uspeer__seoyu,uspeer__seoyu,USPEER 서유,USPEER,Seoyu,7,0.5307,0.1701,-0.2365
F02,F,1,uspeer__sian,uspeer__sian,USPEER 시안,USPEER,Sian,6,0.6561,0.0359,-0.2181
F09,F,0,uspeer__soee,uspeer__soee,USPEER 소이,USPEER,Soee,6,0.7127,0.1416,-0.1039
F01,F,4,uspeer__yeowon,uspeer__yeowon,USPEER 여원,USPEER,Yeowon,7,0.6492,0.2126,0.1600
F05,F,7,vcha__camila,vcha__camila,VCHA 카밀라,VCHA,Camila,8,0.6292,-0.1473,0.1472
F04,F,3,vcha__kaylee,vcha__kaylee,VCHA 케일리,VCHA,Kaylee,6,0.4861,-0.0506,-0.2436
F05,F,7,vcha__kendall,vcha__kendall,VCHA 켄달,VCHA,Kendall,6,0.5234,-0.1675,0.3552
F01,F,4,vcha__kg,vcha__kg,VCHA 케이지,VCHA,KG,6,0.4975,0.0305,0.2033
F05,F,7,vcha__savanna,vcha__savanna,VCHA 사바나,VCHA,Savanna,7,0.5829,-0.1450,0.1636
F08,F,5,vvup__hyunny,vvup__hyunny,VVUP 현희,VVUP,Hyunny,6,0.6174,-0.0971,-0.0335
F08,F,5,vvup__jiyoon,vvup__jiyoon,VVUP 지윤,VVUP,Jiyoon,6,0.4853,-0.0974,-0.0830
F01,F,4,vvup__kim,vvup__kim,VVUP 킴,VVUP,Kim,7,0.4690,0.1234,0.0384
F06,F,6,vvup__paan,vvup__paan,VVUP 팬,VVUP,Paan,6,0.5428,0.0298,-0.1153
F08,F,5,vvup__suyeon,vvup__suyeon,VVUP 수연,VVUP,Suyeon,8,0.7487,-0.0362,-0.0653
F08,F,5,we_na__doa,we_na__doa,We;Na 도아,We;Na,DoA,5,0.6440,-0.0731,-0.0512
F10,F,9,we_na__euna,we_na__euna,We;Na 은아,We;Na,EunA,5,0.4448,0.1381,-0.1019
F01,F,4,wooah__lucy,wooah__lucy,WOOAH 루시,WOOAH,Lucy,8,0.5782,0.1233,0.1796
F04,F,3,wooah__minseo,wooah__minseo,WOOAH 민서,WOOAH,Minseo,7,0.5808,0.2315,0.0073
F07,F,2,wooah__nana,wooah__nana,WOOAH 나나,WOOAH,Nana,8,0.4865,-0.0916,-0.3109
F01,F,4,wooah__sora,wooah__sora,WOOAH 소라,WOOAH,Sora,7,0.6865,0.1765,0.1479
F06,F,6,wooah__wooyeon,wooah__wooyeon,WOOAH 우연,WOOAH,Wooyeon,7,0.5372,0.2245,0.0019
F01,F,4,x_in__aria,x_in__aria,X:IN 아리아,X:IN,Aria,6,0.5709,0.0034,0.1805
F01,F,4,x_in__e_sha,x_in__e_sha,X:IN 이샤,X:IN,E.sha,5,0.5253,0.1558,0.0818
F01,F,4,x_in__nizz,x_in__nizz,X:IN 니즈,X:IN,Nizz,5,0.8086,0.0492,0.1680
F05,F,7,x_in__nova,x_in__nova,X:IN 노바,X:IN,Nova,7,0.5671,-0.0759,0.0774
F07,F,2,young_posse__doeun,young_posse__doeun,YOUNG POSSE 도은,YOUNG POSSE,Doeun,7,0.5309,0.0834,-0.1084
F07,F,2,young_posse__jiana,young_posse__jiana,YOUNG POSSE 지아나,YOUNG POSSE,Jiana,7,0.5939,-0.0987,-0.0542
F02,F,1,young_posse__jieun,young_posse__jieun,YOUNG POSSE 지은,YOUNG POSSE,Jieun,6,0.5416,-0.0166,-0.2811
F06,F,6,young_posse__sunhye,young_posse__sunhye,YOUNG POSSE 선혜,YOUNG POSSE,Sunhye,6,0.5473,0.2145,-0.1110
F10,F,9,young_posse__yeonjung,young_posse__yeonjung,YOUNG POSSE 연정,YOUNG POSSE,Yeonjung,8,0.5560,0.1276,0.0169
F01,F,4,twice__chaeyoung,twice__chaeyoung,트와이스 채영,TWICE,Chaeyoung,7,0.5966,0.0041,0.1582
F04,F,3,twice__dahyun,twice__dahyun,트와이스 다현,TWICE,Dahyun,6,0.5707,-0.0595,-0.0200
F05,F,7,twice__jeongyeon,twice__jeongyeon,트와이스 정연,TWICE,Jeongyeon,9,0.3809,-0.3821,0.2593
F05,F,7,twice__jihyo,twice__jihyo,트와이스 지효,TWICE,Jihyo,5,0.6164,-0.1169,0.3166
F01,F,4,twice__mina,twice__mina,트와이스 미나,TWICE,Mina,11,0.5671,0.0875,0.2594
F01,F,4,twice__nayeon,twice__nayeon,트와이스 나연,TWICE,Nayeon,10,0.5367,0.0068,-0.0024
F03,F,8,twice__sana,twice__sana,트와이스 사나,TWICE,Sana,14,0.5662,0.1013,0.1438
F05,F,7,twice__tzuyu,twice__tzuyu,트와이스 쯔위,TWICE,Tzuyu,10,0.6583,-0.2870,0.1299
F03,F,8,itzy__chaeryeong,itzy__chaeryeong,있지 채령,ITZY,Chaeryeong,11,0.6505,0.1187,-0.0691
F05,F,7,itzy__lia,itzy__lia,있지 리아,ITZY,Lia,10,0.6179,-0.2923,0.0805
F08,F,5,itzy__ryujin,itzy__ryujin,있지 류진,ITZY,Ryujin,12,0.6436,-0.1749,0.2281
F07,F,2,itzy__yeji,itzy__yeji,있지 예지,ITZY,Yeji,15,0.7159,-0.2828,-0.2750
F05,F,7,itzy__yuna,itzy__yuna,있지 유나,ITZY,Yuna,11,0.6076,-0.3477,0.2001
F09,F,0,iu__iu,iu__iu,아이유,IU,IU,15,0.6463,0.1105,-0.0631
F08,F,5,red_velvet__irene,red_velvet__irene,레드벨벳 아이린,Red Velvet,Irene,10,0.5092,-0.2547,-0.1466
F09,F,0,red_velvet__joy,red_velvet__joy,레드벨벳 조이,Red Velvet,Joy,12,0.4886,0.0248,0.0336
F03,F,8,red_velvet__seulgi,red_velvet__seulgi,레드벨벳 슬기,Red Velvet,Seulgi,14,0.5475,-0.0752,0.0253
F07,F,2,red_velvet__wendy,red_velvet__wendy,레드벨벳 웬디,Red Velvet,Wendy,10,0.5668,-0.0828,0.0537
F09,F,0,red_velvet__yeri,red_velvet__yeri,레드벨벳 예리,Red Velvet,Yeri,12,0.5006,-0.1383,-0.0353
F08,F,5,blackpink__jennie,blackpink__jennie,블랙핑크 제니,BLACKPINK,Jennie,11,0.5412,-0.4233,0.1332
F06,F,6,blackpink__jisoo,blackpink__jisoo,블랙핑크 지수,BLACKPINK,Jisoo,10,0.5621,-0.0217,-0.2301
F01,F,4,blackpink__lisa,blackpink__lisa,블랙핑크 리사,BLACKPINK,Lisa,5,0.5050,0.0680,0.1565
F10,F,9,blackpink__rose,blackpink__rose,블랙핑크 로제,BLACKPINK,Rosé,10,0.6294,0.1366,-0.0502
F02,F,1,mamamoo__hwasa,mamamoo__hwasa,마마무 화사,MAMAMOO,Hwasa,8,0.5581,0.0951,-0.0419
F09,F,0,mamamoo__moonbyul,mamamoo__moonbyul,마마무 문별,MAMAMOO,Moonbyul,12,0.5406,-0.1466,0.0848
F07,F,2,mamamoo__solar,mamamoo__solar,마마무 솔라,MAMAMOO,Solar,11,0.6880,0.0531,0.1457
F06,F,6,mamamoo__wheein,mamamoo__wheein,마마무 휘인,MAMAMOO,Wheein,13,0.5940,-0.1170,-0.1302
F09,F,0,ohmygirl__arin,ohmygirl__arin,오마이걸 아린,OH MY GIRL,Arin,12,0.4985,-0.0471,0.2747
F07,F,2,ohmygirl__hyojung,ohmygirl__hyojung,오마이걸 효정,OH MY GIRL,Hyojung,12,0.6773,-0.0124,-0.1427
F10,F,9,ohmygirl__jiho,ohmygirl__jiho,오마이걸 지호,OH MY GIRL,Jiho,9,0.5389,0.0157,-0.0991
F02,F,1,ohmygirl__mimi,ohmygirl__mimi,오마이걸 미미,OH MY GIRL,Mimi,12,0.5405,0.0439,-0.2748
F09,F,0,ohmygirl__seunghee,ohmygirl__seunghee,오마이걸 승희,OH MY GIRL,Seunghee,12,0.5409,-0.1192,-0.1958
F03,F,8,ohmygirl__yooa,ohmygirl__yooa,오마이걸 유아,OH MY GIRL,YooA,10,0.5996,-0.1441,0.1236
F07,F,2,snsd__hyoyeon,snsd__hyoyeon,소녀시대 효연,Girls' Generation,Hyoyeon,10,0.5654,-0.2228,-0.1201
F01,F,4,snsd__seohyun,snsd__seohyun,소녀시대 서현,Girls' Generation,Seohyun,10,0.6155,0.0479,0.2511
F02,F,1,snsd__sooyoung,snsd__sooyoung,소녀시대 수영,Girls' Generation,Sooyoung,8,0.5933,0.0129,-0.0391
F07,F,2,snsd__sunny,snsd__sunny,소녀시대 써니,Girls' Generation,Sunny,8,0.5830,-0.1164,0.0307
F09,F,0,snsd__taeyeon,snsd__taeyeon,소녀시대 태연,Girls' Generation,Taeyeon,6,0.4712,0.0939,-0.3121
F04,F,3,snsd__tiffany,snsd__tiffany,소녀시대 티파니,Girls' Generation,Tiffany,10,0.5346,-0.0087,0.0382
F10,F,9,snsd__yoona,snsd__yoona,소녀시대 윤아,Girls' Generation,Yoona,10,0.5622,0.2729,-0.1090
F10,F,9,snsd__yuri,snsd__yuri,소녀시대 유리,Girls' Generation,Yuri,10,0.5674,0.0847,0.1499
F07,F,2,katseye__daniela,katseye__daniela,KATSEYE Daniela Avanzini,KATSEYE,Daniela,10,0.4486,-0.1853,0.0182
F01,F,4,katseye__lara,katseye__lara,KATSEYE Lara Raj,KATSEYE,Lara,5,0.4890,0.0581,0.0610
F05,F,7,katseye__manon,katseye__manon,KATSEYE Manon Bannerman,KATSEYE,Manon,10,0.6672,-0.1480,0.0408
F05,F,7,katseye__megan,katseye__megan,KATSEYE Megan Skiendiel,KATSEYE,Megan,9,0.6177,-0.0785,0.1321
F04,F,3,katseye__sophia,katseye__sophia,KATSEYE Sophia Laforteza,KATSEYE,Sophia,8,0.4611,0.1066,0.1454
F06,F,6,bbgirls__eunji,bbgirls__eunji,브브걸 은지,BBGIRLS,Eunji,21,0.4995,-0.0243,0.1567
F06,F,6,bbgirls__minyoung,bbgirls__minyoung,브브걸 민영,BBGIRLS,Minyoung,5,0.6797,0.1787,-0.0928
F04,F,3,bbgirls__yuna,bbgirls__yuna,브브걸 유나,BBGIRLS,Yuna,9,0.5168,0.2322,-0.0751
F04,F,3,exid__elly,exid__elly,이엑스아이디 엘리,EXID,Elly,6,0.5310,0.1361,-0.1001
F10,F,9,exid__hani,exid__hani,이엑스아이디 하니,EXID,Hani,10,0.5132,0.1482,0.2536
F05,F,7,exid__hyelin,exid__hyelin,이엑스아이디 혜린,EXID,Hyelin,10,0.6054,-0.0324,0.1332
F01,F,4,exid__jeonghwa,exid__jeonghwa,이엑스아이디 정화,EXID,Jeonghwa,7,0.6471,0.0067,0.1465
F04,F,3,exid__solji,exid__solji,이엑스아이디 솔지,EXID,Solji,8,0.6949,0.1898,-0.0717
F01,F,4,gfriend__sowon,gfriend__sowon,여자친구 소원,GFRIEND,Sowon,5,0.6850,0.0882,0.1499
F02,F,1,gfriend__yerin,gfriend__yerin,여자친구 예린,GFRIEND,Yerin,13,0.5507,0.0952,-0.2828
F09,F,0,gfriend__yuju,gfriend__yuju,여자친구 유주,GFRIEND,Yuju,5,0.5469,0.0043,0.0538
F05,F,7,ladies_code__ashley,ladies_code__ashley,레이디스 코드 애슐리,Ladies' Code,Ashley,12,0.4368,-0.1803,0.0766
F04,F,3,ladies_code__sojung,ladies_code__sojung,레이디스 코드 소정,Ladies' Code,Sojung,9,0.5242,-0.0532,0.0404
F01,F,4,ladies_code__zuny,ladies_code__zuny,레이디스 코드 주니,Ladies' Code,Zuny,5,0.6382,0.0011,-0.0201
F06,F,6,lovelyz__baby_soul,lovelyz__baby_soul,러블리즈 베이비소울,Lovelyz,Baby Soul,6,0.6588,0.1485,-0.0133
F10,F,9,lovelyz__jiae,lovelyz__jiae,러블리즈 지애,Lovelyz,Jiae,5,0.6006,0.3505,-0.1012
F06,F,6,lovelyz__jin,lovelyz__jin,러블리즈 진,Lovelyz,Jin,7,0.6974,0.2349,-0.0986
F10,F,9,lovelyz__jisoo,lovelyz__jisoo,러블리즈 지수,Lovelyz,Jisoo,10,0.6121,0.0261,-0.0736
F02,F,1,lovelyz__kei,lovelyz__kei,러블리즈 케이,Lovelyz,Kei,6,0.6894,0.0524,-0.1189
F04,F,3,lovelyz__mijoo,lovelyz__mijoo,러블리즈 미주,Lovelyz,Mijoo,5,0.6357,0.1862,0.0426
F10,F,9,lovelyz__sujeong,lovelyz__sujeong,러블리즈 수정,Lovelyz,Sujeong,7,0.5830,0.1706,-0.1985
F02,F,1,lovelyz__yein,lovelyz__yein,러블리즈 예인,Lovelyz,Yein,5,0.6846,0.2238,-0.1391
F02,F,1,momoland__ahin,momoland__ahin,모모랜드 아인,MOMOLAND,Ahin,9,0.6285,-0.0786,-0.1262
F10,F,9,momoland__hyebin,momoland__hyebin,모모랜드 혜빈,MOMOLAND,Hyebin,8,0.5392,0.1192,0.1337
F03,F,8,momoland__jane,momoland__jane,모모랜드 제인,MOMOLAND,Jane,8,0.5588,-0.0383,0.1579
F09,F,0,momoland__jooe,momoland__jooe,모모랜드 주이,MOMOLAND,JooE,9,0.7058,0.0779,-0.2684
F05,F,7,momoland__nancy,momoland__nancy,모모랜드 낸시,MOMOLAND,Nancy,7,0.5942,-0.1485,0.2714
F10,F,9,momoland__nayun,momoland__nayun,모모랜드 나윤,MOMOLAND,Nayun,8,0.6769,0.1801,-0.2423
F01,F,4,wjsn__bona,wjsn__bona,우주소녀 보나,WJSN,Bona,9,0.6495,-0.1276,0.1585
F06,F,6,wjsn__dawon,wjsn__dawon,우주소녀 다원,WJSN,Dawon,7,0.5736,0.2825,-0.1644
F10,F,9,wjsn__dayoung,wjsn__dayoung,우주소녀 다영,WJSN,Dayoung,8,0.6065,0.1561,0.3510
F04,F,3,wjsn__eunseo,wjsn__eunseo,우주소녀 은서,WJSN,Eunseo,6,0.5386,-0.0442,-0.0385
F04,F,3,wjsn__exy,wjsn__exy,우주소녀 엑시,WJSN,Exy,5,0.7009,0.2974,0.1662
F06,F,6,wjsn__luda,wjsn__luda,우주소녀 루다,WJSN,Luda,23,0.4998,0.1140,-0.4213
F04,F,3,wjsn__seola,wjsn__seola,우주소녀 설아,WJSN,Seola,9,0.6090,0.2191,0.0984
F06,F,6,wjsn__soobin,wjsn__soobin,우주소녀 수빈,WJSN,Soobin,5,0.6577,0.2401,0.1518
F06,F,6,wjsn__yeonjung,wjsn__yeonjung,우주소녀 연정,WJSN,Yeonjung,8,0.5710,-0.0135,-0.0512
F09,F,0,wjsn__yeoreum,wjsn__yeoreum,우주소녀 여름,WJSN,Yeoreum,15,0.5866,-0.1067,-0.3944
F09,F,0,allday_project__annie,allday_project__annie,올데이 프로젝트 애니,ALLDAY PROJECT,Annie,6,0.5996,-0.0345,0.1638
F07,F,2,allday_project__bailey,allday_project__bailey,올데이 프로젝트 베일리,ALLDAY PROJECT,Bailey,8,0.5618,-0.1975,0.0455
F09,F,0,allday_project__youngseo,allday_project__youngseo,올데이 프로젝트 영서,ALLDAY PROJECT,Youngseo,8,0.5968,-0.1537,-0.0715
M07,M,0,ahof__chih_en,ahof__chih_en,AHOF 즈언,AHOF,Chih En,8,0.7477,-0.2863,-0.1181
M11,M,9,ahof__daisuke,ahof__daisuke,AHOF 다이스케,AHOF,Daisuke,9,0.6502,-0.0167,-0.1395
M10,M,10,ahof__jeongwoo,ahof__jeongwoo,AHOF 정우,AHOF,Jeongwoo,7,0.5797,-0.0331,-0.1483
M02,M,3,ahof__jl,ahof__jl,AHOF 제이엘,AHOF,JL,11,0.5932,-0.1596,-0.3140
M02,M,3,ahof__juwon,ahof__juwon,AHOF 주원,AHOF,Juwon,6,0.4095,0.0915,-0.2463
M10,M,10,ahof__shuaibo,ahof__shuaibo,AHOF 슈아이보,AHOF,Shuaibo,5,0.5640,-0.1769,-0.0529
M01,M,5,ahof__steven,ahof__steven,AHOF 스티븐,AHOF,Steven,12,0.7145,-0.0013,0.2211
M02,M,3,ahof__woongki,ahof__woongki,AHOF 웅기,AHOF,Woongki,5,0.6418,0.0476,-0.3354
M05,M,1,allhours__hyunbin,allhours__hyunbin,올아워즈 현빈,ALL(H)OURS,Hyunbin,8,0.6104,0.1755,-0.1994
M07,M,0,allhours__kunho,allhours__kunho,올아워즈 건호,ALL(H)OURS,Kunho,8,0.6760,-0.0420,0.1894
M09,M,7,allhours__masami,allhours__masami,올아워즈 마사미,ALL(H)OURS,Masami,10,0.6915,-0.3049,0.0961
M07,M,0,allhours__minje,allhours__minje,올아워즈 민제,ALL(H)OURS,Minje,12,0.6958,-0.1053,0.0078
M02,M,3,allhours__on_n,allhours__on_n,올아워즈 온,ALL(H)OURS,ON:N,12,0.6786,0.0716,-0.2384
M02,M,3,allhours__xayden,allhours__xayden,올아워즈 제이든,ALL(H)OURS,Xayden,8,0.6749,0.1597,-0.0883
M06,M,8,allhours__youmin,allhours__youmin,올아워즈 유민,ALL(H)OURS,Youmin,6,0.7571,0.0785,0.2887
M06,M,8,alpha_drive_one__anxin,alpha_drive_one__anxin,알파드라이브원 안신,ALPHA DRIVE ONE,Anxin,10,0.7145,-0.1390,0.0901
M01,M,5,alpha_drive_one__arno,alpha_drive_one__arno,알파드라이브원 아르노,ALPHA DRIVE ONE,Arno,8,0.6518,0.0085,0.1460
M04,M,2,alpha_drive_one__geonwoo,alpha_drive_one__geonwoo,알파드라이브원 건우,ALPHA DRIVE ONE,Geonwoo,7,0.7191,0.1473,0.1635
M02,M,3,alpha_drive_one__junseo,alpha_drive_one__junseo,알파드라이브원 준서,ALPHA DRIVE ONE,Junseo,7,0.7587,-0.0540,-0.0854
M04,M,2,alpha_drive_one__leo,alpha_drive_one__leo,알파드라이브원 리오,ALPHA DRIVE ONE,Leo,10,0.6641,-0.2161,-0.0476
M11,M,9,alpha_drive_one__sanghyeon,alpha_drive_one__sanghyeon,알파드라이브원 상현,ALPHA DRIVE ONE,Sanghyeon,8,0.7181,-0.1325,-0.0741
M02,M,3,alpha_drive_one__sangwon,alpha_drive_one__sangwon,알파드라이브원 상원,ALPHA DRIVE ONE,Sangwon,11,0.6856,-0.0132,-0.1440
M04,M,2,alpha_drive_one__xinlong,alpha_drive_one__xinlong,알파드라이브원 씬롱,ALPHA DRIVE ONE,Xinlong,8,0.6494,-0.0407,0.1267
M07,M,0,ampersandone__brian,ampersandone__brian,앰퍼샌드원 브라이언,AMPERS&ONE,Brian,13,0.7074,-0.1053,-0.2600
M04,M,2,ampersandone__jiho,ampersandone__jiho,앰퍼샌드원 지호,AMPERS&ONE,Jiho,7,0.6604,-0.1152,0.0307
M07,M,0,ampersandone__kamden,ampersandone__kamden,앰퍼샌드원 캠든,AMPERS&ONE,Kamden,8,0.6949,0.0852,-0.0309
M08,M,6,ampersandone__kyrell,ampersandone__kyrell,앰퍼샌드원 카이렐,AMPERS&ONE,Kyrell,8,0.7029,0.1760,0.2953
M09,M,7,ampersandone__mackiah,ampersandone__mackiah,앰퍼샌드원 마카야,AMPERS&ONE,Mackiah,11,0.6342,-0.3560,0.2214
M02,M,3,ampersandone__seungmo,ampersandone__seungmo,앰퍼샌드원 승모,AMPERS&ONE,Seungmo,8,0.5907,0.0046,-0.1770
M02,M,3,ampersandone__siyun,ampersandone__siyun,앰퍼샌드원 시윤,AMPERS&ONE,Siyun,8,0.7474,0.0909,-0.1061
M07,M,0,and2ble__han_yujin,and2ble__han_yujin,앤더블 한유진,AND2BLE,Han Yujin,12,0.6070,-0.2767,-0.3769
M10,M,10,and2ble__kim_gyuvin,and2ble__kim_gyuvin,앤더블 김규빈,AND2BLE,Kim Gyuvin,10,0.7535,-0.2530,-0.2454
M10,M,10,and2ble__ricky,and2ble__ricky,앤더블 리키,AND2BLE,Ricky,8,0.7441,-0.0482,0.0953
M08,M,6,and2ble__yoo_seungeon,and2ble__yoo_seungeon,앤더블 유승언,AND2BLE,Yoo Seungeon,7,0.8271,0.0807,-0.1619
M05,M,1,and2ble__zhang_hao,and2ble__zhang_hao,앤더블 장하오,AND2BLE,Zhang Hao,14,0.6608,0.0580,-0.2125
M01,M,5,and_team__ej,and_team__ej,앤팀 의주,&TEAM,EJ,9,0.5655,0.0575,0.0675
M09,M,7,and_team__fuma,and_team__fuma,앤팀 후마,&TEAM,Fuma,9,0.6178,0.0945,0.0570
M01,M,5,and_team__harua,and_team__harua,앤팀 하루아,&TEAM,Harua,10,0.5959,-0.0609,0.2951
M09,M,7,and_team__jo,and_team__jo,앤팀 조,&TEAM,Jo,8,0.6685,0.1332,0.1381
M07,M,0,and_team__k,and_team__k,앤팀 케이,&TEAM,K,9,0.5853,-0.2194,0.0535
M09,M,7,and_team__maki,and_team__maki,앤팀 마키,&TEAM,Maki,13,0.6652,-0.2290,-0.0026
M01,M,5,and_team__nicholas,and_team__nicholas,앤팀 니콜라스,&TEAM,Nicholas,12,0.5737,-0.0162,0.2136
M06,M,8,and_team__taki,and_team__taki,앤팀 타키,&TEAM,Taki,10,0.6424,-0.1338,0.0074
M01,M,5,and_team__yuma,and_team__yuma,앤팀 유마,&TEAM,Yuma,9,0.6019,0.1770,0.1425
M03,M,4,arrc__andy,arrc__andy,ARrC 앤디,ARrC,Andy,5,0.6698,0.2189,-0.0009
M07,M,0,arrc__choi_han,arrc__choi_han,ARrC 최한,ARrC,Choi Han,6,0.5811,-0.1705,0.1197
M02,M,3,arrc__doha,arrc__doha,ARrC 도하,ARrC,Doha,9,0.6452,-0.0666,-0.1087
M05,M,1,arrc__hyunmin,arrc__hyunmin,ARrC 현민,ARrC,Hyunmin,7,0.5723,0.1937,-0.1133
M09,M,7,arrc__jibeen,arrc__jibeen,ARrC 지빈,ARrC,Jibeen,7,0.6555,-0.1883,0.2541
M04,M,2,arrc__kien,arrc__kien,ARrC 끼엔,ARrC,Kien,8,0.5679,-0.3695,0.1006
M06,M,8,arrc__rioto,arrc__rioto,ARrC 리오토,ARrC,Rioto,8,0.6141,0.0016,0.1934
M07,M,0,axmxp__cru,axmxp__cru,AxMxP 크루,AxMxP,Cru,9,0.8510,-0.2294,-0.1615
M05,M,1,axmxp__ha_yoojoon,axmxp__ha_yoojoon,AxMxP 하유준,AxMxP,Ha Yoojoon,8,0.7334,0.2327,0.0913
M06,M,8,axmxp__juhwan,axmxp__juhwan,AxMxP 주환,AxMxP,Juhwan,7,0.6632,0.0684,0.0985
M11,M,9,axmxp__kim_shin,axmxp__kim_shin,AxMxP 김신,AxMxP,Kim Shin,5,0.6853,0.1242,-0.0013
M05,M,1,bae173__bit,bae173__bit,BAE173 빛,BAE173,Bit,15,0.6753,-0.1666,-0.1218
M11,M,9,bae173__doha,bae173__doha,BAE173 도하,BAE173,Doha,10,0.7103,-0.1845,-0.1493
M02,M,3,close_your_eyes__jeon_minwook,jeon_minwook,클로즈유어아이즈 전민욱,CLOSE YOUR EYES,Jeon Minwook,12,0.7219,-0.1761,-0.1692
M01,M,5,bae173__junseo,bae173__junseo,BAE173 준서,BAE173,Junseo,18,0.6827,0.1031,0.1239
M01,M,5,bae173__muzin,bae173__muzin,BAE173 무진,BAE173,Muzin,5,0.5938,0.0038,0.2547
M09,M,7,bae173__yoojun,bae173__yoojun,BAE173 유준,BAE173,Yoojun,22,0.6466,-0.0301,0.0512
M10,M,10,bae173__youngseo,bae173__youngseo,BAE173 영서,BAE173,Youngseo,21,0.6987,0.0212,-0.0695
M02,M,3,be_boys__goohyun,be_boys__goohyun,비보이즈 구현,BE BOYS,Goohyun,12,0.8217,0.2031,0.0326
M02,M,3,be_boys__hakseong,be_boys__hakseong,비보이즈 학성,BE BOYS,Hakseong,12,0.8359,0.0533,-0.3261
M10,M,10,be_boys__minjoon,be_boys__minjoon,비보이즈 민준,BE BOYS,Minjoon,14,0.7813,-0.1288,0.0430
M03,M,4,be_boys__takuma,be_boys__takuma,비보이즈 타쿠마,BE BOYS,Takuma,10,0.8084,0.2002,-0.0336
M03,M,4,be_boys__woncheon,be_boys__woncheon,비보이즈 원천,BE BOYS,Woncheon,12,0.8766,0.3028,-0.1990
M01,M,5,be_boys__yunseo,be_boys__yunseo,비보이즈 윤서,BE BOYS,Yunseo,13,0.8502,0.1003,0.0696
M01,M,5,blitzers__chris,blitzers__chris,블리처스 크리스,BLITZERS,Chris,6,0.6016,0.1992,-0.0064
M04,M,2,blitzers__jinhwa,blitzers__jinhwa,블리처스 진화,BLITZERS,Jinhwa,12,0.7281,-0.0583,0.0268
M01,M,5,blitzers__juhan,blitzers__juhan,블리처스 주한,BLITZERS,Juhan,9,0.5923,0.1478,0.1005
M05,M,1,blitzers__lutan,blitzers__lutan,블리처스 루탄,BLITZERS,Lutan,9,0.6867,0.0656,0.0016
M08,M,6,blitzers__sya,blitzers__sya,블리처스 샤,BLITZERS,Sya,9,0.7523,0.0539,0.1421
M05,M,1,blitzers__wooju,blitzers__wooju,블리처스 우주,BLITZERS,Wooju,11,0.5823,0.1801,0.0719
M05,M,1,boynextdoor__jaehyun,boynextdoor__jaehyun,보이넥스트도어 재현,BOYNEXTDOOR,Jaehyun,25,0.6461,0.0962,-0.0167
M10,M,10,boynextdoor__leehan,boynextdoor__leehan,보이넥스트도어 이한,BOYNEXTDOOR,Leehan,8,0.7164,-0.2113,-0.1094
M05,M,1,boynextdoor__riwoo,boynextdoor__riwoo,보이넥스트도어 리우,BOYNEXTDOOR,Riwoo,11,0.7474,0.1774,-0.1611
M02,M,3,boynextdoor__sungho,boynextdoor__sungho,보이넥스트도어 성호,BOYNEXTDOOR,Sungho,11,0.7477,0.1276,0.0756
M10,M,10,boynextdoor__taesan,boynextdoor__taesan,보이넥스트도어 태산,BOYNEXTDOOR,Taesan,10,0.7487,-0.1988,0.0178
M08,M,6,boynextdoor__woonhak,boynextdoor__woonhak,보이넥스트도어 운학,BOYNEXTDOOR,Woonhak,10,0.6619,0.2614,0.0618
M11,M,9,btob__changsub,btob__changsub,비투비 창섭,BTOB,Changsub,8,0.6319,-0.0484,0.0479
M01,M,5,btob__eunkwang,btob__eunkwang,비투비 은광,BTOB,Eunkwang,11,0.7220,0.1672,0.2611
M01,M,5,btob__hyunsik,btob__hyunsik,비투비 현식,BTOB,Hyunsik,8,0.6082,0.1001,0.1676
M04,M,2,btob__minhyuk,btob__minhyuk,비투비 민혁,BTOB,Minhyuk,10,0.7470,-0.0533,-0.2534
M05,M,1,btob__peniel,btob__peniel,비투비 프니엘,BTOB,Peniel,8,0.7297,-0.0404,-0.0748
M07,M,0,btob__sungjae,btob__sungjae,비투비 성재,BTOB,Sungjae,10,0.7126,-0.3012,-0.1094
M01,M,5,close_your_eyes__jang_yeojun,close_your_eyes__jang_yeojun,클로즈유어아이즈 장여준,CLOSE YOUR EYES,Jang Yeojun,11,0.7026,0.1684,0.0622
M02,M,3,close_your_eyes__kenshin,close_your_eyes__kenshin,클로즈유어아이즈 켄신,CLOSE YOUR EYES,Kenshin,12,0.7338,0.1409,-0.1178
M10,M,10,close_your_eyes__kim_sungmin,close_your_eyes__kim_sungmin,클로즈유어아이즈 김성민,CLOSE YOUR EYES,Kim Sungmin,10,0.7266,-0.0075,0.0146
M10,M,10,close_your_eyes__ma_jingxiang,close_your_eyes__ma_jingxiang,클로즈유어아이즈 마징시앙,CLOSE YOUR EYES,Ma Jingxiang,14,0.7184,-0.2768,0.0531
M02,M,3,close_your_eyes__seo_kyoungbae,close_your_eyes__seo_kyoungbae,클로즈유어아이즈 서경배,CLOSE YOUR EYES,Seo Kyoungbae,12,0.7100,0.0675,-0.2535
M02,M,3,close_your_eyes__song_seungho,close_your_eyes__song_seungho,클로즈유어아이즈 송승호,CLOSE YOUR EYES,Song Seungho,10,0.6301,-0.0293,-0.0780
M08,M,6,cmdm__byunghoon,cmdm__byunghoon,CMDM 병훈,CMDM,Byunghoon,7,0.5616,0.2713,-0.0572
M07,M,0,cmdm__heeju,cmdm__heeju,CMDM 희주,CMDM,Heeju,6,0.5350,-0.0452,0.0100
M01,M,5,cmdm__hyunhah,cmdm__hyunhah,CMDM 현하,CMDM,Hyunhah,9,0.6880,-0.0058,0.1643
M01,M,5,cmdm__nohyul,cmdm__nohyul,CMDM 노율,CMDM,Nohyul,8,0.7189,0.0052,0.1378
M07,M,0,cortis__james,cortis__james,코르티스 제임스,CORTIS,James,11,0.8482,-0.2667,0.0206
M09,M,7,cortis__juhoon,cortis__juhoon,코르티스 주훈,CORTIS,Juhoon,9,0.6678,-0.1056,0.0815
M09,M,7,cortis__keonho,cortis__keonho,코르티스 건호,CORTIS,Keonho,11,0.6793,-0.3034,0.2204
M09,M,7,cortis__martin,cortis__martin,코르티스 마틴,CORTIS,Martin,10,0.8530,-0.1620,0.0811
M09,M,7,cortis__seonghyeon,cortis__seonghyeon,코르티스 성현,CORTIS,Seonghyeon,9,0.7273,-0.1096,-0.1730
M04,M,2,cravity__allen,cravity__allen,크래비티 앨런,CRAVITY,Allen,23,0.6044,-0.1338,0.0394
M01,M,5,cravity__hyeongjun,cravity__hyeongjun,크래비티 형준,CRAVITY,Hyeongjun,12,0.6419,0.0497,0.1385
M01,M,5,cravity__jungmo,cravity__jungmo,크래비티 정모,CRAVITY,Jungmo,16,0.6488,-0.0320,0.3015
M02,M,3,cravity__minhee,cravity__minhee,크래비티 민희,CRAVITY,Minhee,17,0.6587,-0.0785,-0.1957
M02,M,3,cravity__seongmin,cravity__seongmin,크래비티 성민,CRAVITY,Seongmin,19,0.5920,0.0968,-0.3290
M04,M,2,cravity__serim,cravity__serim,크래비티 세림,CRAVITY,Serim,22,0.6073,-0.3310,0.1133
M06,M,8,cravity__taeyoung,cravity__taeyoung,크래비티 태영,CRAVITY,Taeyoung,8,0.5809,-0.0868,0.1296
M05,M,1,cravity__wonjin,cravity__wonjin,크래비티 원진,CRAVITY,Wonjin,23,0.6267,0.1769,-0.1743
M06,M,8,cravity__woobin,cravity__woobin,크래비티 우빈,CRAVITY,Woobin,11,0.6345,0.1837,0.2886
M03,M,4,daychild__eden,daychild__eden,데이차일드 이든,DAYCHILD,Eden,6,0.5618,0.2116,0.0971
M08,M,6,daychild__siwoo,daychild__siwoo,데이차일드 시우,DAYCHILD,Siwoo,9,0.5883,0.3427,0.1825
M11,M,9,dkb__d1,dkb__d1,다크비 디원,DKB,D1,23,0.7018,-0.1574,0.0300
M06,M,8,dkb__e_chan,dkb__e_chan,다크비 이찬,DKB,E-Chan,14,0.7088,0.1241,0.2525
M10,M,10,dkb__gk,dkb__gk,다크비 지케이,DKB,GK,20,0.6551,0.0682,-0.1074
M03,M,4,dkb__harry_june,dkb__harry_june,다크비 해리준,DKB,Harry June,14,0.7565,0.0199,-0.2009
M04,M,2,dkb__heechan,dkb__heechan,다크비 희찬,DKB,Heechan,18,0.7285,-0.0021,0.0946
M01,M,5,dkb__junseo,dkb__junseo,다크비 준서,DKB,Junseo,22,0.6759,0.1971,-0.0581
M10,M,10,dkb__lune,dkb__lune,다크비 룬,DKB,Lune,24,0.6653,0.0012,-0.0284
M08,M,6,dkb__yuku,dkb__yuku,다크비 유쿠,DKB,Yuku,24,0.6719,0.2244,0.3012
M08,M,6,dragon_pony__an_taegyu,dragon_pony__an_taegyu,드래곤포니 안태규,Dragon Pony,An Taegyu,8,0.7432,0.1377,-0.1661
M05,M,1,dragon_pony__ko_ganghun,dragon_pony__ko_ganghun,드래곤포니 고강훈,Dragon Pony,Ko Ganghun,9,0.7997,0.2694,0.0229
M01,M,5,dragon_pony__kwon_sehyuk,dragon_pony__kwon_sehyuk,드래곤포니 권세혁,Dragon Pony,Kwon Sehyuk,12,0.7695,0.0108,0.1314
M08,M,6,dragon_pony__pyun_sunghyun,dragon_pony__pyun_sunghyun,드래곤포니 편성현,Dragon Pony,Pyun Sunghyun,8,0.3962,0.1281,0.0550
M05,M,1,drippin__changuk,drippin__changuk,드리핀 창욱,DRIPPIN,Changuk,30,0.6572,0.1942,0.1631
M04,M,2,drippin__dongyun,drippin__dongyun,드리핀 동윤,DRIPPIN,Dongyun,10,0.6713,-0.1316,-0.0754
M03,M,4,drippin__hyeop,drippin__hyeop,드리핀 협,DRIPPIN,Hyeop,21,0.5905,0.1287,-0.0588
M09,M,7,drippin__junho,drippin__junho,드리핀 준호,DRIPPIN,Junho,14,0.6745,-0.2379,-0.0261
M06,M,8,drippin__minseo,drippin__minseo,드리핀 민서,DRIPPIN,Minseo,16,0.6127,0.1466,0.1203
M03,M,4,drippin__yunseong,drippin__yunseong,드리핀 윤성,DRIPPIN,Yunseong,20,0.6592,-0.0984,-0.2353
M11,M,9,dxmon__hee,dxmon__hee,다이몬 히,DXMON,Hee,8,0.6562,-0.2308,-0.0828
M03,M,4,dxmon__minjae,dxmon__minjae,다이몬 민재,DXMON,Minjae,8,0.6660,0.1037,0.0490
M11,M,9,dxmon__rex,dxmon__rex,다이몬 렉스,DXMON,Rex,8,0.7203,-0.2756,-0.2230
M01,M,5,dxmon__seita,dxmon__seita,다이몬 세이타,DXMON,Seita,9,0.6768,0.0101,0.3298
M03,M,4,dxmon__tk,dxmon__tk,다이몬 TK,DXMON,TK,6,0.6546,0.3029,0.1484
M05,M,1,eight_turn__haemin,eight_turn__haemin,에잇턴 해민,8TURN,Haemin,12,0.7022,0.1597,-0.1906
M10,M,10,eight_turn__jaeyun,eight_turn__jaeyun,에잇턴 재윤,8TURN,Jaeyun,8,0.7465,-0.0593,-0.1366
M03,M,4,eight_turn__kyungmin,eight_turn__kyungmin,에잇턴 경민,8TURN,Kyungmin,13,0.7723,0.0242,-0.0083
M05,M,1,eight_turn__minho,eight_turn__minho,에잇턴 민호,8TURN,Minho,11,0.7415,0.3004,-0.1114
M01,M,5,eight_turn__myungho,eight_turn__myungho,에잇턴 명호,8TURN,Myungho,11,0.7704,-0.0157,0.1081
M02,M,3,eight_turn__seungheon,eight_turn__seungheon,에잇턴 승헌,8TURN,Seungheon,10,0.6679,-0.0843,-0.1856
M10,M,10,eight_turn__yoonsung,eight_turn__yoonsung,에잇턴 윤성,8TURN,Yoonsung,10,0.8122,0.1213,-0.0465
M03,M,4,eight_turn__yungyu,eight_turn__yungyu,에잇턴 윤규,8TURN,Yungyu,10,0.7615,0.1565,-0.3488
M01,M,5,eighty_two_major__dogyun,eighty_two_major__dogyun,팔이메이저 도균,82MAJOR,Dogyun,11,0.6695,0.1013,0.1090
M10,M,10,eighty_two_major__seokjoon,eighty_two_major__seokjoon,팔이메이저 석준,82MAJOR,Seokjoon,8,0.6248,-0.0425,-0.2506
M07,M,0,eighty_two_major__seongbin,eighty_two_major__seongbin,팔이메이저 성빈,82MAJOR,Seongbin,8,0.4626,-0.0995,-0.2213
M09,M,7,eighty_two_major__seongil,eighty_two_major__seongil,팔이메이저 성일,82MAJOR,Seongil,5,0.5822,-0.0211,-0.0869
M08,M,6,eighty_two_major__seongmo,eighty_two_major__seongmo,팔이메이저 성모,82MAJOR,Seongmo,11,0.5098,0.1789,-0.0597
M01,M,5,eighty_two_major__yechan,eighty_two_major__yechan,팔이메이저 예찬,82MAJOR,Yechan,8,0.5624,-0.0275,0.2317
M03,M,4,elast__baekgyeul,elast__baekgyeul,엘라스트 백결,E'LAST,Baekgyeul,18,0.6727,0.2856,-0.1460
M01,M,5,elast__choi_in,elast__choi_in,엘라스트 최인,E'LAST,Choi In,23,0.6411,0.0207,0.2098
M08,M,6,elast__rano,elast__rano,엘라스트 라노,E'LAST,Rano,18,0.6757,0.1610,0.0979
M04,M,2,elast__romin,elast__romin,엘라스트 로민,E'LAST,Romin,28,0.6654,-0.1008,0.0946
M07,M,0,elast__won_hyuk,elast__won_hyuk,엘라스트 원혁,E'LAST,Won Hyuk,19,0.7019,0.0066,-0.0171
M02,M,3,elast__wonjun,elast__wonjun,엘라스트 원준,E'LAST,Wonjun,26,0.6648,0.3239,-0.3513
M07,M,0,elast__yejun,elast__yejun,엘라스트 예준,E'LAST,Yejun,18,0.7004,-0.2442,-0.0105
M07,M,0,enhypen__heeseung,enhypen__heeseung,엔하이픈 희승,ENHYPEN,Heeseung,8,0.6664,-0.1482,0.0837
M07,M,0,enhypen__jake,enhypen__jake,엔하이픈 제이크,ENHYPEN,Jake,8,0.6330,-0.2034,0.1320
M06,M,8,enhypen__jay,enhypen__jay,엔하이픈 제이,ENHYPEN,Jay,6,0.6338,-0.0049,0.1250
M08,M,6,enhypen__jungwon,enhypen__jungwon,엔하이픈 정원,ENHYPEN,Jungwon,11,0.7640,0.1664,-0.1201
M09,M,7,enhypen__ni_ki,enhypen__ni_ki,엔하이픈 니키,ENHYPEN,Ni-ki,8,0.7250,-0.0785,0.2896
M03,M,4,enhypen__sunghoon,enhypen__sunghoon,엔하이픈 성훈,ENHYPEN,Sunghoon,8,0.7307,-0.0019,-0.1078
M01,M,5,enhypen__sunoo,enhypen__sunoo,엔하이픈 선우,ENHYPEN,Sunoo,8,0.5593,0.1763,0.2717
M04,M,2,epex__a_min,epex__a_min,이펙스 아민,EPEX,A-Min,10,0.7265,-0.1865,0.0483
M04,M,2,epex__ayden,epex__ayden,이펙스 에이든,EPEX,Ayden,10,0.7454,-0.0964,-0.1270
M06,M,8,epex__baekseung,epex__baekseung,이펙스 백승,EPEX,Baekseung,11,0.7195,0.0609,0.0796
M06,M,8,epex__jeff,epex__jeff,이펙스 제프,EPEX,Jeff,13,0.6754,0.0735,0.2312
M09,M,7,epex__mu,epex__mu,이펙스 뮤,EPEX,Mu,8,0.7345,-0.1628,-0.0192
M04,M,2,epex__wish,epex__wish,이펙스 위시,EPEX,Wish,8,0.6783,-0.0856,0.1309
M03,M,4,epex__yewang,epex__yewang,이펙스 예왕,EPEX,Yewang,9,0.7087,0.0987,-0.3432
M04,M,2,evnne__keita,evnne__keita,이븐 케이타,EVNNE,Keita,14,0.7059,-0.1554,-0.1712
M02,M,3,evnne__lee_jeonghyeon,evnne__lee_jeonghyeon,이븐 이정현,EVNNE,Lee Jeonghyeon,8,0.6788,-0.0025,-0.3125
M07,M,0,evnne__mun_junghyun,evnne__mun_junghyun,이븐 문정현,EVNNE,Mun Junghyun,11,0.7314,-0.2095,-0.0715
M01,M,5,evnne__park_hanbin,evnne__park_hanbin,이븐 박한빈,EVNNE,Park Hanbin,11,0.7104,0.1012,0.1986
M02,M,3,evnne__park_jihoo,evnne__park_jihoo,이븐 박지후,EVNNE,Park Jihoo,11,0.6321,0.2634,-0.4000
M10,M,10,fantasy_boys__hikari,fantasy_boys__hikari,판타지보이즈 히카리,FANTASY BOYS,Hikari,12,0.6357,-0.1405,-0.2663
M06,M,8,fantasy_boys__hikaru,fantasy_boys__hikaru,판타지보이즈 히카루,FANTASY BOYS,Hikaru,7,0.5506,-0.1775,0.0312
M11,M,9,fantasy_boys__hong_sungmin,fantasy_boys__hong_sungmin,판타지보이즈 홍성민,FANTASY BOYS,Hong Sungmin,8,0.5576,-0.3689,-0.0199
M11,M,9,fantasy_boys__kaedan,fantasy_boys__kaedan,판타지보이즈 케이단,FANTASY BOYS,Kaedan,8,0.6681,0.0958,-0.2286
M02,M,3,fantasy_boys__kang_minseo,fantasy_boys__kang_minseo,판타지보이즈 강민서,FANTASY BOYS,Kang Minseo,13,0.7426,0.0701,-0.4039
M02,M,3,fantasy_boys__kim_gyurae,fantasy_boys__kim_gyurae,판타지보이즈 김규래,FANTASY BOYS,Kim Gyurae,12,0.6037,-0.0671,-0.2931
M04,M,2,fantasy_boys__kim_wooseok,fantasy_boys__kim_wooseok,판타지보이즈 김우석,FANTASY BOYS,Kim Wooseok,10,0.7050,0.0745,0.0698
M09,M,7,fantasy_boys__lee_hanbin,fantasy_boys__lee_hanbin,판타지보이즈 이한빈,FANTASY BOYS,Lee Hanbin,10,0.6800,-0.0662,0.1311
M09,M,7,fantasy_boys__ling_qi,fantasy_boys__ling_qi,판타지보이즈 링치,FANTASY BOYS,Ling Qi,8,0.6315,-0.2030,0.1923
M09,M,7,fantasy_boys__oh_hyeontae,fantasy_boys__oh_hyeontae,판타지보이즈 오현태,FANTASY BOYS,Oh Hyeontae,11,0.6883,-0.0269,0.0421
M11,M,9,ghost9__jinwoo,ghost9__jinwoo,고스트나인 진우,GHOST9,Jinwoo,11,0.7829,-0.1060,-0.1257
M01,M,5,ghost9__junhyung,ghost9__junhyung,고스트나인 준형,GHOST9,Junhyung,21,0.6659,0.0772,0.0285
M09,M,7,ghost9__junseong,ghost9__junseong,고스트나인 준성,GHOST9,Junseong,18,0.6653,0.0211,0.2017
M04,M,2,ghost9__kangsung,ghost9__kangsung,고스트나인 강성,GHOST9,Kangsung,11,0.8920,0.0324,0.0745
M07,M,0,ghost9__prince,ghost9__prince,고스트나인 프린스,GHOST9,Prince,15,0.7693,-0.2724,-0.2281
M04,M,2,ghost9__shin,ghost9__shin,고스트나인 이신,GHOST9,Shin,16,0.6357,0.0751,0.0823
M06,M,8,ghost9__woojin,ghost9__woojin,고스트나인 우진,GHOST9,Woojin,16,0.6200,-0.1726,0.2016
M10,M,10,hifi_unicorn__hyunyul,hifi_unicorn__hyunyul,하이파이유니콘 현율,Hi-Fi Un!corn,Hyunyul,12,0.6749,-0.1340,-0.1337
M03,M,4,hifi_unicorn__kiyoon,hifi_unicorn__kiyoon,하이파이유니콘 기윤,Hi-Fi Un!corn,Kiyoon,9,0.7279,0.0448,0.1622
M03,M,4,hifi_unicorn__min,hifi_unicorn__min,하이파이유니콘 민,Hi-Fi Un!corn,Min,9,0.6884,0.0039,-0.0107
M03,M,4,hifi_unicorn__shuto,hifi_unicorn__shuto,하이파이유니콘 슈토,Hi-Fi Un!corn,Shuto,9,0.7290,0.1447,-0.0714
M08,M,6,hifi_unicorn__taemin,hifi_unicorn__taemin,하이파이유니콘 태민,Hi-Fi Un!corn,Taemin,8,0.7046,0.2988,0.0786
M11,M,9,hori7on__jeromy,hori7on__jeromy,호라이즌 제로미,HORI7ON,Jeromy,7,0.8365,-0.1822,-0.0223
M05,M,1,hori7on__kim,hori7on__kim,호라이즌 킴,HORI7ON,Kim,11,0.8127,-0.0752,-0.1704
M06,M,8,hori7on__kyler,hori7on__kyler,호라이즌 카일러,HORI7ON,Kyler,11,0.7113,-0.0991,0.1819
M06,M,8,hori7on__marcus,hori7on__marcus,호라이즌 마커스,HORI7ON,Marcus,10,0.6532,-0.2556,0.1118
M11,M,9,hori7on__reyster,hori7on__reyster,호라이즌 레이스터,HORI7ON,Reyster,8,0.6993,-0.2562,0.0049
M10,M,10,hori7on__vinci,hori7on__vinci,호라이즌 빈치,HORI7ON,Vinci,7,0.6727,-0.1887,-0.0853
M06,M,8,hori7on__winston,hori7on__winston,호라이즌 윈스턴,HORI7ON,Winston,10,0.6195,-0.1850,0.1314
M01,M,5,hrtz_wav__riaan,hrtz_wav__riaan,hrtz.wav 리안,hrtz.wav,Riaan,5,0.3760,0.2133,0.3356
M07,M,0,idid__baek_junhyuk,idid__baek_junhyuk,아이딧 백준혁,IDID,Baek Junhyuk,13,0.8431,-0.0171,-0.1049
M04,M,2,idid__chu_yoochan,idid__chu_yoochan,아이딧 추유찬,IDID,Chu Yoochan,10,0.7604,-0.1346,-0.0753
M05,M,1,idid__jang_yonghoon,idid__jang_yonghoon,아이딧 장용훈,IDID,Jang Yonghoon,12,0.7880,0.1884,-0.1855
M05,M,1,idid__jeong_semin,idid__jeong_semin,아이딧 정세민,IDID,Jeong Semin,12,0.6652,0.1302,-0.1942
M03,M,4,idid__kim_minjae,idid__kim_minjae,아이딧 김민재,IDID,Kim Minjae,6,0.5547,0.1166,-0.0508
M03,M,4,idid__park_seonghyeon,idid__park_seonghyeon,아이딧 박성현,IDID,Park Seonghyeon,12,0.7179,0.0872,0.0146
M03,M,4,idid__park_wonbin,idid__park_wonbin,아이딧 박원빈,IDID,Park Wonbin,8,0.8552,0.1591,-0.1378
M08,M,6,idntt__choi_gyeongbeen,idntt__choi_gyeongbeen,idntt 최경빈,idntt,Choi GyeongBeen,8,0.7271,0.2554,0.0414
M10,M,10,idntt__choi_taein,idntt__choi_taein,idntt 최태인,idntt,Choi TaeIn,8,0.8767,-0.0982,-0.2883
M11,M,9,idntt__han_yejoon,idntt__han_yejoon,idntt 한예준,idntt,Han YeJoon,7,0.5897,0.0289,0.0773
M10,M,10,idntt__hwang_eunsoo,idntt__hwang_eunsoo,idntt 황은수,idntt,Hwang EunSoo,8,0.6377,-0.1403,-0.0341
M01,M,5,idntt__kim_dohun,idntt__kim_dohun,idntt 김도훈,idntt,Kim DoHun,12,0.6717,0.1023,0.0792
M06,M,8,idntt__kim_heeju,idntt__kim_heeju,idntt 김희주,idntt,Kim HeeJu,11,0.6730,0.2075,0.1086
M03,M,4,idntt__kim_juho,idntt__kim_juho,idntt 김주호,idntt,Kim JuHo,7,0.5197,0.0891,-0.0602
M09,M,7,idntt__kim_seongjun,idntt__kim_seongjun,idntt 김성준,idntt,Kim SeongJun,6,0.7710,-0.0908,-0.0293
M04,M,2,idntt__lee_cheongmyeong,idntt__lee_cheongmyeong,idntt 이청명,idntt,Lee CheongMyeong,10,0.6887,0.0101,-0.0705
M10,M,10,idntt__lee_hwanhee,idntt__lee_hwanhee,idntt 이환희,idntt,Lee HwanHee,8,0.8307,0.2253,-0.1152
M05,M,1,idntt__lee_jaeyoung,idntt__lee_jaeyoung,idntt 이재영,idntt,Lee JaeYoung,8,0.7234,0.1398,-0.1062
M03,M,4,idntt__lee_kyuhyuk,idntt__lee_kyuhyuk,idntt 이규혁,idntt,Lee KyuHyuk,7,0.5910,0.0449,0.0919
M01,M,5,idntt__nam_jiwoon,idntt__nam_jiwoon,idntt 남지운,idntt,Nam JiWoon,7,0.6092,0.1136,0.1001
M03,M,4,idntt__park_nuri,idntt__park_nuri,idntt 박누리,idntt,Park NuRi,8,0.5296,0.0154,-0.1149
M04,M,2,idntt__towa,idntt__towa,idntt 토와,idntt,Towa,7,0.5910,-0.2015,0.1601
M05,M,1,justb__bain,justb__bain,저스트비 배인,JUSTB,Bain,7,0.6625,0.0841,-0.2319
M05,M,1,justb__dy,justb__dy,저스트비 DY,JUSTB,DY,8,0.6180,0.3045,-0.0480
M05,M,1,justb__geonu,justb__geonu,저스트비 건우,JUSTB,Geonu,6,0.5814,0.3316,-0.2018
M09,M,7,justb__jimin,justb__jimin,저스트비 지민,JUSTB,Jimin,9,0.6707,-0.0025,0.2933
M02,M,3,justb__jm,justb__jm,저스트비 JM,JUSTB,JM,13,0.7177,0.1912,-0.1374
M04,M,2,kickflip__amaru,kickflip__amaru,킥플립 아마루,KickFlip,Amaru,13,0.7305,-0.1247,0.1159
M06,M,8,kickflip__donghwa,kickflip__donghwa,킥플립 동화,KickFlip,Donghwa,11,0.6707,-0.1256,0.3373
M08,M,6,kickflip__donghyeon,kickflip__donghyeon,킥플립 동현,KickFlip,Donghyeon,11,0.6343,0.0934,0.0046
M09,M,7,kickflip__juwang,kickflip__juwang,킥플립 주왕,KickFlip,Juwang,10,0.7337,0.1401,0.1675
M04,M,2,kickflip__keiju,kickflip__keiju,킥플립 케이주,KickFlip,Keiju,8,0.7508,-0.0732,0.0356
M03,M,4,kickflip__kyehoon,kickflip__kyehoon,킥플립 계훈,KickFlip,Kyehoon,13,0.7147,0.2529,0.0006
M04,M,2,kickflip__minje,kickflip__minje,킥플립 민제,KickFlip,Minje,12,0.6923,-0.1427,-0.0001
M03,M,4,lngshot__louis,lngshot__louis,LNGSHOT 루이,LNGSHOT,Louis,6,0.5598,-0.0620,0.0648
M02,M,3,lngshot__ohyul,lngshot__ohyul,LNGSHOT 오율,LNGSHOT,Ohyul,7,0.5180,-0.0552,-0.1162
M05,M,1,lngshot__woojin,lngshot__woojin,LNGSHOT 우진,LNGSHOT,Woojin,7,0.6126,0.0568,0.0401
M08,M,6,lucy__gwangil,lucy__gwangil,루시 광일,LUCY,Gwangil,9,0.6213,0.1961,0.0440
M04,M,2,lucy__sangyeop,lucy__sangyeop,루시 상엽,LUCY,Sangyeop,7,0.6265,-0.0607,0.0599
M06,M,8,lucy__wonsang,lucy__wonsang,루시 원상,LUCY,Wonsang,8,0.6025,-0.1240,-0.0210
M04,M,2,lucy__yechan,lucy__yechan,루시 예찬,LUCY,Yechan,10,0.6105,-0.1809,0.1311
M02,M,3,lun8__chael,lun8__chael,루네이트 카엘,LUN8,Chael,8,0.7190,0.1464,-0.0303
M02,M,3,lun8__dohyun,lun8__dohyun,루네이트 도현,LUN8,Dohyun,10,0.7975,0.1462,-0.1341
M10,M,10,lun8__ian,lun8__ian,루네이트 이안,LUN8,Ian,10,0.7132,-0.1371,-0.2101
M06,M,8,lun8__jinsu,lun8__jinsu,루네이트 진수,LUN8,Jinsu,12,0.7814,-0.0105,0.1298
M03,M,4,lun8__junwoo,lun8__junwoo,루네이트 준우,LUN8,Junwoo,12,0.7378,0.0985,0.0754
M09,M,7,lun8__takuma,lun8__takuma,루네이트 타쿠마,LUN8,Takuma,11,0.7143,-0.0662,0.0850
M07,M,0,lun8__yuma,lun8__yuma,루네이트 유우마,LUN8,Yuma,11,0.7793,-0.2533,-0.1887
M11,M,9,mcnd__bic,mcnd__bic,엠씨엔디 빅,MCND,BIC,9,0.6348,-0.1857,0.0306
M11,M,9,mcnd__castle_j,mcnd__castle_j,엠씨엔디 캐슬제이,MCND,Castle J,14,0.6376,0.0002,0.1221
M05,M,1,mcnd__huijun,mcnd__huijun,엠씨엔디 휘준,MCND,Huijun,11,0.8144,0.0307,-0.1148
M05,M,1,mcnd__minjae,mcnd__minjae,엠씨엔디 민재,MCND,Minjae,16,0.6474,0.0933,-0.2186
M02,M,3,mcnd__win,mcnd__win,엠씨엔디 윈,MCND,Win,8,0.6036,0.1773,-0.3341
M05,M,1,modyssey__fan_zheyi,modyssey__fan_zheyi,MODYSSEY 판저이,MODYSSEY,Fan Zheyi,8,0.6119,0.0057,-0.3156
M05,M,1,modyssey__li_zihao,modyssey__li_zihao,MODYSSEY 리즈하오,MODYSSEY,Li Zihao,5,0.6619,0.1963,-0.1317
M02,M,3,modyssey__lynnlynn,modyssey__lynnlynn,MODYSSEY 린린,MODYSSEY,LynnLynn,6,0.5540,-0.0629,-0.0389
M05,M,1,modyssey__suren,modyssey__suren,MODYSSEY 수런,MODYSSEY,Suren,5,0.4561,0.1807,-0.1423
M02,M,3,modyssey__yichen,modyssey__yichen,MODYSSEY 이첸,MODYSSEY,Yichen,7,0.6140,0.0707,-0.0945
M06,M,8,monsta_x__hyungwon,monsta_x__hyungwon,몬스타엑스 형원,MONSTA X,Hyungwon,8,0.6575,-0.1822,0.1629
M06,M,8,monsta_x__im,monsta_x__im,몬스타엑스 아이엠,MONSTA X,I.M,9,0.6932,0.0678,0.1271
M01,M,5,monsta_x__joohoney,monsta_x__joohoney,몬스타엑스 주헌,MONSTA X,Joohoney,10,0.6964,0.1540,0.0545
M08,M,6,monsta_x__kihyun,monsta_x__kihyun,몬스타엑스 기현,MONSTA X,Kihyun,11,0.6387,0.2431,-0.2122
M07,M,0,monsta_x__minhyuk,monsta_x__minhyuk,몬스타엑스 민혁,MONSTA X,Minhyuk,8,0.6333,-0.2590,0.0505
M07,M,0,monsta_x__shownu,monsta_x__shownu,몬스타엑스 셔누,MONSTA X,Shownu,10,0.6658,0.0564,-0.1818
M01,M,5,n_ssign__doha,n_ssign__doha,엔싸인 도하,n.SSign,Doha,10,0.6464,0.0675,0.0141
M03,M,4,n_ssign__hanjun,n_ssign__hanjun,엔싸인 한준,n.SSign,Hanjun,10,0.6221,-0.0748,0.0000
M03,M,4,n_ssign__huiwon,n_ssign__huiwon,엔싸인 희원,n.SSign,Huiwon,12,0.7646,0.1605,-0.0863
M10,M,10,n_ssign__kazuta,n_ssign__kazuta,엔싸인 카즈타,n.SSign,Kazuta,9,0.6384,-0.1052,-0.1752
M04,M,2,n_ssign__laurence,n_ssign__laurence,엔싸인 로렌스,n.SSign,Laurence,14,0.6924,-0.3105,0.0358
M01,M,5,n_ssign__robin,n_ssign__robin,엔싸인 로빈,n.SSign,Robin,14,0.6886,0.1298,-0.0002
M11,M,9,n_ssign__sungyun,n_ssign__sungyun,엔싸인 성윤,n.SSign,Sungyun,9,0.6244,-0.4333,-0.1291
M03,M,4,naze__ato,naze__ato,NAZE 아토,NAZE,Ato,6,0.5731,0.3153,-0.0590
M07,M,0,naze__dohyeok,naze__dohyeok,NAZE 도혁,NAZE,Dohyeok,7,0.6689,-0.1761,-0.0714
M11,M,9,naze__kaisei,naze__kaisei,NAZE 카이세이,NAZE,Kaisei,5,0.6821,-0.2024,0.0826
M07,M,0,naze__turn,naze__turn,NAZE 턴,NAZE,Turn,7,0.6528,-0.3840,-0.0374
M01,M,5,naze__younki,naze__younki,NAZE 윤기,NAZE,Younki,5,0.4609,0.1155,0.0959
M04,M,2,nchive__e_an,nchive__e_an,엔카이브 이안,NCHIVE,E.aN,8,0.7735,0.0867,0.0963
M02,M,3,nchive__ha_l,nchive__ha_l,엔카이브 하엘,NCHIVE,HA.L,12,0.8964,0.0163,-0.3367
M02,M,3,nchive__juyoung,nchive__juyoung,엔카이브 주영,NCHIVE,Juyoung,11,0.7870,-0.0548,-0.1044
M04,M,2,nchive__kangsan,nchive__kangsan,엔카이브 강산,NCHIVE,Kangsan,15,0.8821,-0.0909,0.1704
M01,M,5,nchive__n,nchive__n,엔카이브 엔,NCHIVE,N,14,0.7380,0.1545,0.0912
M06,M,8,nchive__yuchan,nchive__yuchan,엔카이브 유찬,NCHIVE,Yuchan,10,0.8612,-0.2619,-0.0312
M04,M,2,nct__chenle,nct__chenle,NCT 천러,NCT,Chenle,8,0.6456,-0.2080,-0.1355
M01,M,5,nct__doyoung,nct__doyoung,NCT 도영,NCT,Doyoung,12,0.6754,-0.0236,0.1957
M09,M,7,nct__haechan,nct__haechan,NCT 해찬,NCT,Haechan,8,0.5898,-0.1192,0.2349
M06,M,8,nct__hendery,nct__hendery,NCT 헨드리,NCT,Hendery,8,0.5098,-0.2311,0.1143
M11,M,9,nct__jaehyun,nct__jaehyun,NCT 재현,NCT,Jaehyun,12,0.6531,-0.1540,0.1004
M02,M,3,nct__jaemin,nct__jaemin,NCT 재민,NCT,Jaemin,8,0.6678,0.1047,-0.3751
M11,M,9,nct__jeno,nct__jeno,NCT 제노,NCT,Jeno,8,0.7116,-0.2231,-0.0288
M02,M,3,nct__jisung,nct__jisung,NCT 지성,NCT,Jisung,8,0.6966,0.1700,-0.1298
M04,M,2,nct__johnny,nct__johnny,NCT 쟈니,NCT,Johnny,8,0.6890,-0.1743,0.0866
M01,M,5,nct__jungwoo,nct__jungwoo,NCT 정우,NCT,Jungwoo,8,0.7178,0.0086,0.1727
M10,M,10,nct__kun,nct__kun,NCT 쿤,NCT,Kun,8,0.7562,-0.2379,-0.0846
M09,M,7,nct__renjun,nct__renjun,NCT 런쥔,NCT,Renjun,14,0.6020,0.0190,-0.0049
M05,M,1,nct__taeyong,nct__taeyong,NCT 태용,NCT,Taeyong,12,0.6798,-0.1953,-0.0251
M05,M,1,nct__ten,nct__ten,NCT 텐,NCT,Ten,8,0.8193,0.0272,0.0690
M06,M,8,nct__winwin,nct__winwin,NCT 윈윈,NCT,WinWin,12,0.6312,-0.0879,0.0374
M06,M,8,nct__xiaojun,nct__xiaojun,NCT 샤오쥔,NCT,Xiaojun,8,0.6725,-0.2581,0.1254
M04,M,2,nct__yangyang,nct__yangyang,NCT 양양,NCT,Yangyang,8,0.5816,-0.2685,0.2343
M07,M,0,nct__yuta,nct__yuta,NCT 유타,NCT,Yuta,8,0.6140,-0.1483,-0.1556
M05,M,1,nct_wish__jaehee,nct_wish__jaehee,엔시티위시 재희,NCT WISH,Jaehee,12,0.6883,0.1112,-0.0652
M04,M,2,nct_wish__riku,nct_wish__riku,엔시티위시 리쿠,NCT WISH,Riku,9,0.6267,-0.2011,0.0040
M08,M,6,nct_wish__ryo,nct_wish__ryo,엔시티위시 료,NCT WISH,Ryo,8,0.6937,-0.0063,-0.1241
M11,M,9,nct_wish__sakuya,nct_wish__sakuya,엔시티위시 사쿠야,NCT WISH,Sakuya,10,0.5855,0.0529,-0.1044
M04,M,2,nct_wish__sion,nct_wish__sion,엔시티위시 시온,NCT WISH,Sion,8,0.6145,-0.0658,-0.0285
M04,M,2,nct_wish__yushi,nct_wish__yushi,엔시티위시 유우시,NCT WISH,Yushi,11,0.6011,-0.0728,-0.0509
M03,M,4,newbeat__choi_seohyun,newbeat__choi_seohyun,뉴비트 최서현,NEWBEAT,Choi Seohyun,12,0.8068,0.0486,0.1302
M02,M,3,newbeat__hong_minsung,newbeat__hong_minsung,뉴비트 홍민성,NEWBEAT,Hong Minsung,12,0.7518,0.0438,-0.3124
M01,M,5,newbeat__jeon_yeoyeojeong,newbeat__jeon_yeoyeojeong,뉴비트 전여여정,NEWBEAT,Jeon Yeoyeojeong,12,0.7774,-0.0731,-0.0064
M08,M,6,newbeat__jo_yunhu,newbeat__jo_yunhu,뉴비트 조윤후,NEWBEAT,Jo Yunhu,13,0.7432,0.0552,0.1865
M11,M,9,newbeat__kim_riwoo,newbeat__kim_riwoo,뉴비트 김리우,NEWBEAT,Kim Riwoo,11,0.8060,-0.0587,-0.0007
M02,M,3,newbeat__kim_taeyang,newbeat__kim_taeyang,뉴비트 김태양,NEWBEAT,Kim Taeyang,13,0.8263,-0.0298,-0.0708
M04,M,2,newbeat__park_minseok,newbeat__park_minseok,뉴비트 박민석,NEWBEAT,Park Minseok,10,0.7805,0.1686,0.0253
M09,M,7,nexz__haru,nexz__haru,넥스지 하루,NEXZ,Haru,12,0.7383,-0.2270,0.1180
M10,M,10,nexz__hyui,nexz__hyui,넥스지 휴이,NEXZ,Hyui,11,0.6421,0.0793,-0.0413
M11,M,9,nexz__seita,nexz__seita,넥스지 세이타,NEXZ,Seita,12,0.6796,-0.3659,-0.0159
M02,M,3,nexz__so_geon,nexz__so_geon,넥스지 소건,NEXZ,So Geon,15,0.7348,-0.0426,-0.0390
M11,M,9,nexz__tomoya,nexz__tomoya,넥스지 토모야,NEXZ,Tomoya,10,0.7357,0.0292,0.1923
M06,M,8,nexz__yu,nexz__yu,넥스지 유우,NEXZ,Yu,11,0.7033,-0.0935,0.2099
M08,M,6,nexz__yuki,nexz__yuki,넥스지 유키,NEXZ,Yuki,9,0.6718,-0.0325,0.0983
M11,M,9,nine_i__eden,nine_i__eden,나인아이 이든,NINE.i,Eden,8,0.7213,-0.0537,-0.0800
M10,M,10,nine_i__jewon,nine_i__jewon,나인아이 제원,NINE.i,Jewon,8,0.6704,0.0066,-0.1176
M07,M,0,nine_i__jiho,nine_i__jiho,나인아이 지호,NINE.i,Jiho,8,0.6893,-0.0748,-0.1678
M01,M,5,nine_i__minjun,nine_i__minjun,나인아이 민준,NINE.i,Minjun,10,0.7840,0.0715,0.1230
M02,M,3,nine_i__taehun,nine_i__taehun,나인아이 태훈,NINE.i,Taehun,9,0.7022,0.0821,-0.2036
M09,M,7,nine_i__vahn,nine_i__vahn,나인아이 반,NINE.i,Vahn,8,0.7530,-0.0672,0.1009
M02,M,3,nine_i__vari,nine_i__vari,나인아이 베리,NINE.i,Vari,10,0.7302,0.0274,-0.3649
M07,M,0,nouera__fan,nouera__fan,누에라 판,NouerA,Fan,13,0.6986,-0.4137,-0.1093
M05,M,1,nouera__gihyeon,nouera__gihyeon,누에라 기현,NouerA,Gihyeon,8,0.7123,0.1164,-0.1154
M11,M,9,nouera__hyunjun,nouera__hyunjun,누에라 현준,NouerA,Hyunjun,12,0.8590,-0.1947,-0.2098
M09,M,7,nouera__junpyo,nouera__junpyo,누에라 준표,NouerA,Junpyo,10,0.6866,0.0591,0.0490
M07,M,0,nouera__lin,nouera__lin,누에라 린,NouerA,Lin,12,0.7276,-0.1789,0.0578
M11,M,9,nouera__miraku,nouera__miraku,누에라 미라쿠,NouerA,Miraku,11,0.7832,0.0949,-0.0547
M02,M,3,nouera__yuseop,nouera__yuseop,누에라 유섭,NouerA,Yuseop,11,0.8461,-0.2364,-0.0858
M04,M,2,nowz__hyeonbin,nowz__hyeonbin,나우즈 현빈,NOWZ,Hyeonbin,13,0.8119,-0.3025,0.0135
M07,M,0,nowz__jinhyuk,nowz__jinhyuk,나우즈 진혁,NOWZ,Jinhyuk,14,0.6781,-0.0570,-0.0854
M07,M,0,nowz__siyun,nowz__siyun,나우즈 시윤,NOWZ,Siyun,13,0.7379,-0.0852,0.2537
M09,M,7,nowz__yeonwoo,nowz__yeonwoo,나우즈 연우,NOWZ,Yeonwoo,14,0.7782,0.1449,0.2317
M06,M,8,nowz__yoon,nowz__yoon,나우즈 윤,NOWZ,Yoon,9,0.7204,-0.0636,0.0379
M08,M,6,ntx__changhun,ntx__changhun,엔티엑스 창훈,NTX,Changhun,10,0.7360,0.2182,0.0148
M01,M,5,ntx__eunho,ntx__eunho,엔티엑스 은호,NTX,Eunho,10,0.8632,0.0897,0.2261
M01,M,5,ntx__hojun,ntx__hojun,엔티엑스 호준,NTX,Hojun,10,0.8837,0.2090,0.0469
M06,M,8,ntx__hyeongjin,ntx__hyeongjin,엔티엑스 형진,NTX,Hyeongjin,9,0.7220,0.0248,0.1334
M08,M,6,ntx__rawhyun,ntx__rawhyun,엔티엑스 로현,NTX,Rawhyun,7,0.6861,0.1257,0.1523
M02,M,3,ntx__seungwon,ntx__seungwon,엔티엑스 승원,NTX,Seungwon,7,0.7939,0.0400,-0.1661
M09,M,7,ntx__xiha,ntx__xiha,엔티엑스 시하,NTX,Xiha,7,0.7651,0.1266,0.1946
M01,M,5,nxd__daehyun,nxd__daehyun,NXD 대현,NXD,Daehyun,9,0.6100,0.0355,0.0268
M01,M,5,nxd__hyeonggeun,nxd__hyeonggeun,NXD 형근,NXD,Hyeonggeun,7,0.5695,0.1738,0.0493
M07,M,0,nxd__jaemin,nxd__jaemin,NXD 재민,NXD,Jaemin,6,0.5805,-0.0261,-0.0842
M09,M,7,omega_x__hangyeom,omega_x__hangyeom,오메가엑스 송한겸,OMEGA X,Hangyeom,7,0.5882,-0.3152,0.1831
M04,M,2,omega_x__hwichan,omega_x__hwichan,오메가엑스 휘찬,OMEGA X,Hwichan,12,0.7472,-0.1865,0.0537
M05,M,1,omega_x__hyuk,omega_x__hyuk,오메가엑스 혁,OMEGA X,Hyuk,8,0.6330,-0.0861,-0.1119
M01,M,5,omega_x__jaehan,omega_x__jaehan,오메가엑스 재한,OMEGA X,Jaehan,8,0.6585,0.2560,0.3442
M08,M,6,omega_x__jehyun,omega_x__jehyun,오메가엑스 제현,OMEGA X,Jehyun,10,0.6041,0.0412,-0.0202
M05,M,1,omega_x__junghoon,omega_x__junghoon,오메가엑스 정훈,OMEGA X,Junghoon,12,0.6947,0.2292,-0.3061
M08,M,6,omega_x__kevin,omega_x__kevin,오메가엑스 케빈,OMEGA X,Kevin,12,0.6364,0.0508,0.1895
M06,M,8,omega_x__sebin,omega_x__sebin,오메가엑스 세빈,OMEGA X,Sebin,8,0.6322,0.1384,0.1196
M06,M,8,omega_x__taedong,omega_x__taedong,오메가엑스 태동,OMEGA X,Taedong,8,0.6692,0.0609,0.2395
M10,M,10,omega_x__xen,omega_x__xen,오메가엑스 젠,OMEGA X,Xen,8,0.6303,0.0071,-0.1349
M06,M,8,omega_x__yechan,omega_x__yechan,오메가엑스 예찬,OMEGA X,Yechan,11,0.6326,-0.0183,0.0013
M10,M,10,one_pact__jay_chang,one_pact__jay_chang,원팩트 제이창,ONE PACT,Jay Chang,10,0.7592,-0.1994,0.0576
M03,M,4,one_pact__jongwoo,one_pact__jongwoo,원팩트 종우,ONE PACT,Jongwoo,9,0.7261,0.2396,0.1145
M08,M,6,one_pact__seongmin,one_pact__seongmin,원팩트 성민,ONE PACT,Seongmin,12,0.7679,0.1141,0.0785
M02,M,3,one_pact__tag,one_pact__tag,원팩트 태그,ONE PACT,TAG,15,0.7645,-0.0437,-0.2092
M01,M,5,one_pact__yedam,one_pact__yedam,원팩트 예담,ONE PACT,Yedam,9,0.5906,0.1383,0.3071
M05,M,1,p1harmony__intak,p1harmony__intak,피원하모니 인탁,P1Harmony,Intak,15,0.6090,0.1454,-0.2427
M08,M,6,p1harmony__jiung,p1harmony__jiung,피원하모니 지웅,P1Harmony,Jiung,19,0.5893,0.3210,-0.0297
M05,M,1,p1harmony__jongseob,p1harmony__jongseob,피원하모니 종섭,P1Harmony,Jongseob,19,0.6576,0.1642,-0.0615
M03,M,4,p1harmony__keeho,p1harmony__keeho,피원하모니 기호,P1Harmony,Keeho,22,0.6917,0.0943,0.0750
M08,M,6,p1harmony__soul,p1harmony__soul,피원하모니 소울,P1Harmony,Soul,10,0.5831,0.2273,-0.0251
M03,M,4,p1harmony__theo,p1harmony__theo,피원하모니 테오,P1Harmony,Theo,16,0.6394,0.1283,0.1257
M01,M,5,polarix__hangyul,polarix__hangyul,폴라릭스 한결,POLARIX,Hangyul,7,0.5519,-0.0605,0.3973
M04,M,2,polarix__lee_daeul,polarix__lee_daeul,폴라릭스 이다을,POLARIX,Lee Daeul,7,0.6598,-0.1321,-0.1505
M06,M,8,polarix__lee_junhyuk,polarix__lee_junhyuk,폴라릭스 이준혁,POLARIX,Lee Junhyuk,6,0.6050,-0.0198,0.1662
M07,M,0,polarix__pentor,polarix__pentor,폴라릭스 펜떠,POLARIX,Pentor,7,0.6247,-0.2722,0.0386
M02,M,3,polarix__shao_ziheng,polarix__shao_ziheng,폴라릭스 샤오쯔헝,POLARIX,Shao Ziheng,8,0.5663,-0.1493,-0.0430
M09,M,7,polarix__xin_che,polarix__xin_che,폴라릭스 신처,POLARIX,Xin Che,8,0.6190,-0.2092,-0.0662
M09,M,7,polarix__xu_shihuan,polarix__xu_shihuan,폴라릭스 허세환,POLARIX,Xu Shihuan,6,0.6717,-0.1956,0.2292
M03,M,4,polarix__yang_donghwa,polarix__yang_donghwa,폴라릭스 양동화,POLARIX,Yang Donghwa,7,0.4567,0.1501,-0.2393
M02,M,3,polarix__zai,polarix__zai,폴라릭스 자이,POLARIX,Zai,5,0.3829,-0.0423,-0.0163
M09,M,7,pow__dongyeon,pow__dongyeon,POW 동연,POW,Dongyeon,9,0.6680,0.1172,0.3793
M07,M,0,pow__hong,pow__hong,POW 홍,POW,Hong,8,0.5807,-0.1700,-0.1416
M01,M,5,pow__hyunbin,pow__hyunbin,POW 현빈,POW,Hyunbin,11,0.5955,0.0058,0.1572
M03,M,4,pow__jungbin,pow__jungbin,POW 정빈,POW,Jungbin,10,0.6170,0.2715,-0.1374
M11,M,9,pow__yorch,pow__yorch,POW 요치,POW,Yorch,7,0.5118,-0.1681,-0.1820
M06,M,8,riize__anton,riize__anton,라이즈 앤톤,RIIZE,Anton,6,0.6794,-0.0838,0.1701
M04,M,2,riize__eunseok,riize__eunseok,라이즈 은석,RIIZE,Eunseok,15,0.6901,-0.3465,0.0443
M07,M,0,riize__shotaro,riize__shotaro,라이즈 쇼타로,RIIZE,Shotaro,16,0.6798,-0.0195,-0.1719
M10,M,10,riize__sohee,riize__sohee,라이즈 소희,RIIZE,Sohee,12,0.7214,-0.0317,-0.0329
M09,M,7,riize__sungchan,riize__sungchan,라이즈 성찬,RIIZE,Sungchan,17,0.6704,-0.2502,0.1522
M04,M,2,riize__wonbin,riize__wonbin,라이즈 원빈,RIIZE,Wonbin,8,0.6834,-0.1548,0.1987
M01,M,5,seventeen__dino,seventeen__dino,세븐틴 디노,SEVENTEEN,Dino,8,0.6269,0.1028,0.0580
M09,M,7,seventeen__dk,seventeen__dk,세븐틴 도겸,SEVENTEEN,DK,8,0.5843,-0.0061,0.3109
M08,M,6,seventeen__hoshi,seventeen__hoshi,세븐틴 호시,SEVENTEEN,Hoshi,9,0.7036,0.3745,-0.0176
M06,M,8,seventeen__jeonghan,seventeen__jeonghan,세븐틴 정한,SEVENTEEN,Jeonghan,7,0.5670,-0.0393,0.2499
M05,M,1,seventeen__joshua,seventeen__joshua,세븐틴 조슈아,SEVENTEEN,Joshua,11,0.6338,0.1228,0.1681
M06,M,8,seventeen__jun,seventeen__jun,세븐틴 준,SEVENTEEN,Jun,13,0.7784,-0.2738,0.1195
M04,M,2,seventeen__mingyu,seventeen__mingyu,세븐틴 민규,SEVENTEEN,Mingyu,13,0.5958,-0.2634,0.1155
M04,M,2,seventeen__scoups,seventeen__scoups,세븐틴 에스쿱스,SEVENTEEN,S.Coups,12,0.6979,-0.2344,-0.1888
M01,M,5,seventeen__seungkwan,seventeen__seungkwan,세븐틴 승관,SEVENTEEN,Seungkwan,9,0.5936,0.1536,0.0829
M03,M,4,seventeen__the8,seventeen__the8,세븐틴 디에잇,SEVENTEEN,The8,12,0.6317,0.2925,-0.0400
M07,M,0,seventeen__vernon,seventeen__vernon,세븐틴 버논,SEVENTEEN,Vernon,8,0.7180,-0.1345,-0.0590
M08,M,6,seventeen__wonwoo,seventeen__wonwoo,세븐틴 원우,SEVENTEEN,Wonwoo,7,0.6515,0.2234,0.3083
M08,M,6,seventeen__woozi,seventeen__woozi,세븐틴 우지,SEVENTEEN,Woozi,10,0.7340,0.2066,-0.0263
M03,M,4,sevenus__heejae,sevenus__heejae,세븐어스 희재,SEVENUS,Heejae,13,0.6695,0.1856,0.0904
M01,M,5,sevenus__ireah,sevenus__ireah,세븐어스 이레,SEVENUS,Ireah,11,0.8634,0.0096,0.1377
M08,M,6,super_junior__donghae,super_junior__donghae,슈퍼주니어 동해,SUPER JUNIOR,Donghae,11,0.6932,-0.1529,0.0608
M06,M,8,super_junior__eunhyuk,super_junior__eunhyuk,슈퍼주니어 은혁,SUPER JUNIOR,Eunhyuk,8,0.6614,-0.0703,0.1746
M10,M,10,super_junior__heechul,super_junior__heechul,슈퍼주니어 희철,SUPER JUNIOR,Heechul,10,0.7028,-0.1093,0.0922
M10,M,10,super_junior__kyuhyun,super_junior__kyuhyun,슈퍼주니어 규현,SUPER JUNIOR,Kyuhyun,9,0.7130,0.0201,-0.1621
M08,M,6,super_junior__leeteuk,super_junior__leeteuk,슈퍼주니어 이특,SUPER JUNIOR,Leeteuk,11,0.7175,0.1648,0.2522
M09,M,7,super_junior__ryeowook,super_junior__ryeowook,슈퍼주니어 려욱,SUPER JUNIOR,Ryeowook,8,0.6451,-0.1011,0.1997
M04,M,2,super_junior__shindong,super_junior__shindong,슈퍼주니어 신동,SUPER JUNIOR,Shindong,7,0.6402,-0.1571,0.0499
M06,M,8,super_junior__siwon,super_junior__siwon,슈퍼주니어 시원,SUPER JUNIOR,Siwon,8,0.6528,0.0814,0.1441
M05,M,1,super_junior__yesung,super_junior__yesung,슈퍼주니어 예성,SUPER JUNIOR,Yesung,9,0.5968,0.2164,-0.0585
M03,M,4,tan__changsun,tan__changsun,TAN 창선,TAN,Changsun,13,0.6921,0.1964,-0.1638
M11,M,9,tan__hyunyeop,tan__hyunyeop,TAN 현엽,TAN,Hyunyeop,11,0.6693,-0.2287,-0.2515
M07,M,0,tan__jaejun,tan__jaejun,TAN 재준,TAN,Jaejun,10,0.6421,-0.1173,0.0229
M03,M,4,tan__jiseong,tan__jiseong,TAN 지성,TAN,Jiseong,8,0.6945,0.1546,0.2210
M07,M,0,tan__jooan,tan__jooan,TAN 주안,TAN,Jooan,9,0.7096,-0.2644,-0.0514
M07,M,0,tan__sunghyuk,tan__sunghyuk,TAN 성혁,TAN,Sunghyuk,13,0.6747,-0.0691,-0.0546
M06,M,8,tan__taehoon,tan__taehoon,TAN 태훈,TAN,Taehoon,11,0.7499,-0.0026,0.2104
M11,M,9,tempest__eunchan,tempest__eunchan,템페스트 은찬,TEMPEST,Eunchan,12,0.6726,-0.0033,-0.2435
M01,M,5,tempest__hanbin,tempest__hanbin,템페스트 한빈,TEMPEST,Hanbin,9,0.6373,-0.1540,0.0250
M05,M,1,tempest__hyeongseop,tempest__hyeongseop,템페스트 형섭,TEMPEST,Hyeongseop,12,0.6628,0.2282,-0.0885
M03,M,4,tempest__hyuk,tempest__hyuk,템페스트 혁,TEMPEST,Hyuk,12,0.6814,0.1117,0.0889
M09,M,7,tempest__lew,tempest__lew,템페스트 루,TEMPEST,Lew,13,0.6648,-0.0884,0.0377
M04,M,2,tempest__taerae,tempest__taerae,템페스트 태래,TEMPEST,Taerae,10,0.6361,-0.0750,0.0267
M03,M,4,the_kingdom__arthur,the_kingdom__arthur,더킹덤 아서,The KingDom,Arthur,8,0.6110,0.1395,0.0654
M03,M,4,the_kingdom__dann,the_kingdom__dann,더킹덤 단,The KingDom,Dann,15,0.7872,0.3932,0.0903
M09,M,7,the_kingdom__ivan,the_kingdom__ivan,더킹덤 아이반,The KingDom,Ivan,11,0.7718,-0.0619,0.0247
M02,M,3,the_kingdom__jahan,the_kingdom__jahan,더킹덤 자한,The KingDom,Jahan,12,0.8844,-0.0516,-0.0245
M04,M,2,the_kingdom__louis,the_kingdom__louis,더킹덤 루이,The KingDom,Louis,11,0.8173,0.1101,-0.0702
M01,M,5,the_kingdom__mujin,the_kingdom__mujin,더킹덤 무진,The KingDom,Mujin,13,0.7772,0.2193,0.0808
M02,M,3,the_wind__an_chanwon,the_wind__an_chanwon,더윈드 안찬원,The Wind,An Chanwon,12,0.7705,0.0286,-0.2892
M01,M,5,the_wind__choi_hanbin,the_wind__choi_hanbin,더윈드 최한빈,The Wind,Choi Hanbin,11,0.7714,0.2162,0.1226
M11,M,9,the_wind__jang_hyounjoon,the_wind__jang_hyounjoon,더윈드 장현준,The Wind,Jang Hyounjoon,11,0.7838,-0.2098,-0.0976
M10,M,10,the_wind__kim_heesoo,the_wind__kim_heesoo,더윈드 김희수,The Wind,Kim Heesoo,8,0.6444,-0.0367,-0.1583
M08,M,6,the_wind__park_hayuchan,the_wind__park_hayuchan,더윈드 박하유찬,The Wind,Park Hayuchan,11,0.8001,0.4050,0.0013
M05,M,1,the_wind__thanatorn,the_wind__thanatorn,더윈드 타나톤,The Wind,Thanatorn,8,0.7087,-0.0537,-0.2012
M11,M,9,tiot__choi_woojin,tiot__choi_woojin,티아이오티 최우진,TIOT,Choi Woojin,11,0.8146,-0.0155,-0.2837
M04,M,2,tiot__hong_keonhee,tiot__hong_keonhee,티아이오티 홍건희,TIOT,Hong Keonhee,12,0.7639,-0.1157,-0.0303
M01,M,5,tiot__kim_minseoung,tiot__kim_minseoung,티아이오티 김민성,TIOT,Kim Minseoung,8,0.8157,0.2542,0.0097
M10,M,10,tiot__kum_junhyeon,tiot__kum_junhyeon,티아이오티 금준현,TIOT,Kum Junhyeon,10,0.7478,-0.0345,0.0201
M11,M,9,tiot__shin_yechan,tiot__shin_yechan,티아이오티 신예찬,TIOT,Shin Yechan,10,0.8215,0.0688,-0.0770
M03,M,4,tnx__hwi,tnx__hwi,티엔엑스 휘,TNX,Hwi,6,0.3682,0.1926,0.0578
M02,M,3,tnx__hyunsoo,tnx__hyunsoo,티엔엑스 현수,TNX,Hyunsoo,7,0.5811,0.1266,-0.0614
M02,M,3,tnx__junhyeok,tnx__junhyeok,티엔엑스 준혁,TNX,Junhyeok,8,0.5274,0.2361,-0.2268
M08,M,6,tnx__sungjun,tnx__sungjun,티엔엑스 성준,TNX,Sungjun,7,0.6646,0.4668,0.1026
M03,M,4,tnx__taehun,tnx__taehun,티엔엑스 태훈,TNX,Taehun,9,0.6127,0.2734,0.0412
M04,M,2,treasure__asahi,treasure__asahi,트레저 아사히,TREASURE,Asahi,14,0.5964,-0.3017,0.0726
M05,M,1,treasure__choi_hyunsuk,treasure__choi_hyunsuk,트레저 최현석,TREASURE,Choi Hyunsuk,12,0.7019,0.0860,-0.1429
M02,M,3,treasure__doyoung,treasure__doyoung,트레저 도영,TREASURE,Doyoung,16,0.6330,0.0865,-0.2185
M11,M,9,treasure__haruto,treasure__haruto,트레저 하루토,TREASURE,Haruto,10,0.5418,-0.0069,-0.2322
M04,M,2,treasure__jaehyuk,treasure__jaehyuk,트레저 재혁,TREASURE,Jaehyuk,12,0.5618,-0.1120,-0.0688
M04,M,2,treasure__jeongwoo,treasure__jeongwoo,트레저 정우,TREASURE,Jeongwoo,16,0.7397,-0.0311,-0.1733
M04,M,2,treasure__jihoon,treasure__jihoon,트레저 지훈,TREASURE,Jihoon,13,0.6439,-0.0169,0.1350
M09,M,7,treasure__junghwan,treasure__junghwan,트레저 정환,TREASURE,Junghwan,10,0.5404,-0.1642,0.1524
M05,M,1,treasure__junkyu,treasure__junkyu,트레저 준규,TREASURE,Junkyu,27,0.6314,0.1591,-0.1176
M04,M,2,treasure__yoshi,treasure__yoshi,트레저 요시,TREASURE,Yoshi,8,0.6857,-0.1072,-0.0079
M10,M,10,trendz__eunil,trendz__eunil,트렌드지 은일,TRENDZ,Eunil,11,0.6839,-0.1748,0.0652
M02,M,3,trendz__hankook,trendz__hankook,트렌드지 한국,TRENDZ,Hankook,14,0.7384,0.1135,-0.2552
M02,M,3,trendz__havit,trendz__havit,트렌드지 하빛,TRENDZ,Havit,8,0.6387,0.0460,-0.2085
M01,M,5,trendz__leon,trendz__leon,트렌드지 리온,TRENDZ,Leon,12,0.7218,0.1410,0.3588
M05,M,1,trendz__ra_l,trendz__ra_l,트렌드지 라엘,TRENDZ,ra.L,7,0.7735,0.2310,-0.1910
M11,M,9,trendz__yechan,trendz__yechan,트렌드지 예찬,TRENDZ,Yechan,9,0.6132,-0.0003,-0.0173
M06,M,8,trendz__yoonwoo,trendz__yoonwoo,트렌드지 윤우,TRENDZ,Yoonwoo,11,0.6055,-0.0101,0.1443
M07,M,0,tws__dohoon,tws__dohoon,투어스 도훈,TWS,Dohoon,11,0.7178,-0.2051,-0.1723
M07,M,0,tws__hanjin,tws__hanjin,투어스 한진,TWS,Hanjin,11,0.7385,-0.3111,-0.1267
M06,M,8,tws__jihoon,tws__jihoon,투어스 지훈,TWS,Jihoon,15,0.6228,-0.0213,0.1553
M10,M,10,tws__kyungmin,tws__kyungmin,투어스 경민,TWS,Kyungmin,12,0.6663,-0.0533,0.0839
M02,M,3,tws__shinyu,tws__shinyu,투어스 신유,TWS,Shinyu,10,0.6914,-0.1224,-0.1182
M09,M,7,tws__youngjae,tws__youngjae,투어스 영재,TWS,Youngjae,11,0.6364,-0.0383,0.0775
M09,M,7,vayonn__masato,vayonn__masato,베이온 마사토,VAYONN,Masato,5,0.7445,-0.0588,0.1420
M11,M,9,vayonn__peng_jinyu,vayonn__peng_jinyu,베이온 펑진위,VAYONN,Peng Jinyu,6,0.6200,-0.2010,-0.1528
M02,M,3,vayonn__sun_jiayang,vayonn__sun_jiayang,베이온 쑨지아양,VAYONN,Sun Jiayang,8,0.5956,-0.2695,-0.0825
M01,M,5,waker__ijun,waker__ijun,WAKER 이준,WAKER,Ijun,8,0.5779,-0.1283,-0.0253
M01,M,5,waker__kohyeon,waker__kohyeon,WAKER 고현,WAKER,Kohyeon,8,0.5131,0.2161,0.3037
M06,M,8,waker__kwon_hyeop,waker__kwon_hyeop,WAKER 권협,WAKER,Kwon Hyeop,8,0.5817,-0.1163,0.1463
M08,M,6,waker__leo,waker__leo,WAKER 리오,WAKER,Leo,7,0.6175,-0.0137,-0.0895
M05,M,1,waker__saebyeol,waker__saebyeol,WAKER 새별,WAKER,Saebyeol,8,0.5774,0.0582,0.1250
M10,M,10,waker__sebum,waker__sebum,WAKER 세범,WAKER,Sebum,8,0.5749,-0.0062,-0.1526
M07,M,0,wei__daehyeon,wei__daehyeon,위아이 대현,WEi,Daehyeon,9,0.7225,-0.1280,-0.1057
M10,M,10,wei__donghan,wei__donghan,위아이 동한,WEi,Donghan,8,0.6176,-0.0327,-0.0592
M02,M,3,wei__junseo,wei__junseo,위아이 준서,WEi,Junseo,14,0.6523,-0.0538,-0.1297
M11,M,9,wei__seokhwa,wei__seokhwa,위아이 석화,WEi,Seokhwa,10,0.7096,0.0554,0.0029
M10,M,10,wei__yohan,wei__yohan,위아이 요한,WEi,Yohan,11,0.6614,-0.0130,-0.1519
M06,M,8,wei__yongha,wei__yongha,위아이 용하,WEi,Yongha,11,0.6806,0.0178,0.1693
M04,M,2,whib__haseung,whib__haseung,휘브 하승,WHIB,Haseung,11,0.7343,0.0347,0.1946
M11,M,9,whib__jaeha,whib__jaeha,휘브 재하,WHIB,Jaeha,12,0.6975,-0.2147,0.0391
M02,M,3,whib__jinbeom,whib__jinbeom,휘브 진범,WHIB,Jinbeom,7,0.6712,-0.2101,-0.0689
M04,M,2,whib__kim_junmin,whib__kim_junmin,휘브 김준민,WHIB,Kim Junmin,6,0.6066,-0.1030,0.0285
M07,M,0,whib__leejeong,whib__leejeong,휘브 이정,WHIB,Leejeong,9,0.7208,-0.0224,-0.1963
M09,M,7,whib__ugeon,whib__ugeon,휘브 유건,WHIB,UGeon,11,0.7482,-0.0731,0.1769
M08,M,6,whib__wonjun,whib__wonjun,휘브 원준,WHIB,Wonjun,11,0.6118,0.2576,0.0043
M11,M,9,xdinary_heroes__gaon,xdinary_heroes__gaon,엑스디너리히어로즈 가온,Xdinary Heroes,Gaon,9,0.6447,-0.3512,0.0313
M03,M,4,xdinary_heroes__gunil,xdinary_heroes__gunil,엑스디너리히어로즈 건일,Xdinary Heroes,Gunil,8,0.6752,0.3656,-0.1173
M08,M,6,xdinary_heroes__jooyeon,xdinary_heroes__jooyeon,엑스디너리히어로즈 주연,Xdinary Heroes,Jooyeon,7,0.6454,-0.1123,-0.0630
M05,M,1,xdinary_heroes__jun_han,xdinary_heroes__jun_han,엑스디너리히어로즈 준한,Xdinary Heroes,Jun Han,8,0.7057,0.2035,-0.0699
M01,M,5,xdinary_heroes__jungsu,xdinary_heroes__jungsu,엑스디너리히어로즈 정수,Xdinary Heroes,Jungsu,10,0.6046,0.2122,-0.0256
M09,M,7,xdinary_heroes__o_de,xdinary_heroes__o_de,엑스디너리히어로즈 오드,Xdinary Heroes,O.de,11,0.6072,-0.1055,0.1357
M03,M,4,xikers__hunter,xikers__hunter,싸이커스 헌터,xikers,Hunter,8,0.6181,-0.0611,0.1516
M01,M,5,xikers__hyunwoo,xikers__hyunwoo,싸이커스 현우,xikers,Hyunwoo,14,0.6678,0.2924,0.0131
M07,M,0,xikers__jinsik,xikers__jinsik,싸이커스 진식,xikers,Jinsik,11,0.6395,-0.1879,-0.1157
M05,M,1,xikers__junghoon,xikers__junghoon,싸이커스 정훈,xikers,Junghoon,8,0.6336,0.2126,-0.1711
M01,M,5,xikers__junmin,xikers__junmin,싸이커스 준민,xikers,Junmin,13,0.6327,-0.1269,0.2559
M05,M,1,xikers__minjae,xikers__minjae,싸이커스 민재,xikers,Minjae,12,0.6195,0.0421,-0.1176
M09,M,7,xikers__seeun,xikers__seeun,싸이커스 세은,xikers,Seeun,13,0.7146,0.0984,0.1812
M08,M,6,xikers__sumin,xikers__sumin,싸이커스 수민,xikers,Sumin,10,0.7244,0.1206,0.2337
M04,M,2,xikers__yechan,xikers__yechan,싸이커스 예찬,xikers,Yechan,14,0.7128,-0.2611,-0.0338
M05,M,1,xikers__yujun,xikers__yujun,싸이커스 유준,xikers,Yujun,12,0.6362,-0.0152,-0.1476
M01,M,5,xlov__haru,xlov__haru,XLOV 하루,XLOV,Haru,9,0.6965,-0.0922,0.1988
M01,M,5,xlov__hyun,xlov__hyun,XLOV 현,XLOV,Hyun,7,0.7671,0.0446,-0.0032
M01,M,5,xlov__rui,xlov__rui,XLOV 루이,XLOV,Rui,7,0.6399,0.0882,0.0518
M03,M,4,xlov__wumuti,xlov__wumuti,XLOV 우무티,XLOV,Wumuti,7,0.7035,-0.0591,0.0326
M06,M,8,xodiac__beomsoo,xodiac__beomsoo,소디엑 범수,XODIAC,Beomsoo,11,0.7073,0.1213,0.2732
M03,M,4,xodiac__davin,xodiac__davin,소디엑 다빈,XODIAC,Davin,14,0.7792,0.1699,0.1004
M04,M,2,xodiac__gyumin,xodiac__gyumin,소디엑 규민,XODIAC,Gyumin,8,0.7007,-0.1549,0.1904
M04,M,2,xodiac__hyunsik,xodiac__hyunsik,소디엑 현식,XODIAC,Hyunsik,11,0.6968,-0.0310,0.1227
M06,M,8,xodiac__leo,xodiac__leo,소디엑 리오,XODIAC,Leo,11,0.7966,-0.0534,0.2347
M01,M,5,xodiac__lex,xodiac__lex,소디엑 렉스,XODIAC,Lex,13,0.6621,0.1966,0.1730
M02,M,3,xodiac__sing,xodiac__sing,소디엑 씽,XODIAC,Sing,10,0.7339,-0.0499,-0.1383
M06,M,8,xodiac__wain,xodiac__wain,소디엑 웨인,XODIAC,Wain,13,0.7705,0.2080,0.2120
M06,M,8,xodiac__zayyan,xodiac__zayyan,소디엑 자얀,XODIAC,Zayyan,10,0.7974,-0.3140,0.1955
M03,M,4,younite__dey,younite__dey,유나이트 데이,YOUNITE,DEY,9,0.6617,0.2417,-0.0884
M05,M,1,younite__eunho,younite__eunho,유나이트 은호,YOUNITE,Eunho,12,0.7152,0.0127,-0.0939
M03,M,4,younite__eunsang,younite__eunsang,유나이트 은상,YOUNITE,Eunsang,8,0.7094,0.1823,-0.0930
M06,M,8,younite__hyungseok,younite__hyungseok,유나이트 형석,YOUNITE,Hyungseok,14,0.7775,-0.0999,0.1358
M05,M,1,younite__kyungmun,younite__kyungmun,유나이트 경문,YOUNITE,Kyungmun,11,0.7041,0.1640,-0.0599
M01,M,5,younite__sion,younite__sion,유나이트 시온,YOUNITE,Sion,10,0.7417,0.1029,0.0915
M10,M,10,younite__steve,younite__steve,유나이트 스티브,YOUNITE,Steve,11,0.7315,-0.1959,0.0298
M11,M,9,younite__woono,younite__woono,유나이트 우노,YOUNITE,Woono,11,0.7014,-0.3225,-0.1019
M02,M,3,yuhz__bohyeon,yuhz__bohyeon,YUHZ 보현,YUHZ,Bohyeon,6,0.4811,-0.0550,-0.1278
M06,M,8,yuhz__haruto,yuhz__haruto,YUHZ 하루토,YUHZ,Haruto,6,0.5487,0.1120,0.1083
M10,M,10,yuhz__jaeil,yuhz__jaeil,YUHZ 재일,YUHZ,Jaeil,8,0.5848,-0.0789,-0.1749
M11,M,9,yuhz__junseong,yuhz__junseong,YUHZ 준성,YUHZ,Junseong,8,0.4895,-0.2270,-0.1919
M02,M,3,yuhz__kai,yuhz__kai,YUHZ 카이,YUHZ,Kai,6,0.4188,-0.2448,-0.0932
M02,M,3,yuhz__yeontae,yuhz__yeontae,YUHZ 연태,YUHZ,Yeontae,5,0.3996,0.1358,-0.1863
M06,M,8,zerobaseone__kim_jiwoong,zerobaseone__kim_jiwoong,제로베이스원 김지웅,ZEROBASEONE,Kim Jiwoong,11,0.7032,-0.3902,0.0325
M10,M,10,zerobaseone__kim_taerae,zerobaseone__kim_taerae,제로베이스원 김태래,ZEROBASEONE,Kim Taerae,14,0.6938,0.0223,0.0115
M02,M,3,zerobaseone__park_gunwook,zerobaseone__park_gunwook,제로베이스원 박건욱,ZEROBASEONE,Park Gunwook,13,0.7203,0.2241,-0.1056
M03,M,4,zerobaseone__seok_matthew,zerobaseone__seok_matthew,제로베이스원 석매튜,ZEROBASEONE,Seok Matthew,11,0.7318,-0.0074,0.0055
M01,M,5,zerobaseone__sung_hanbin,zerobaseone__sung_hanbin,제로베이스원 성한빈,ZEROBASEONE,Sung Hanbin,12,0.6997,-0.1681,0.1528
M01,M,5,aimers__eunjun,aimers__eunjun,AIMERS 은준,AIMERS,Eunjun,6,0.6390,0.0375,0.0331
M08,M,6,aimers__seunghwan,aimers__seunghwan,AIMERS 승환,AIMERS,Seunghwan,8,0.6196,0.0635,0.1175
M09,M,7,aimers__seunghyun,aimers__seunghyun,AIMERS 승현,AIMERS,Seunghyun,7,0.6079,-0.0194,0.0868
M05,M,1,aimers__wooyoung,aimers__wooyoung,AIMERS 우영,AIMERS,Wooyoung,8,0.6001,0.0833,-0.0152
M02,M,3,aimers__yoel,aimers__yoel,AIMERS 요엘,AIMERS,Yoel,7,0.5413,0.2304,-0.1689
M03,M,4,b_d_u__bitsaeon,b_d_u__bitsaeon,B.D.U 빛새온,B.D.U,Bitsaeon,6,0.6324,0.1955,0.0371
M06,M,8,b_d_u__jay_chang,b_d_u__jay_chang,B.D.U 제이창,B.D.U,Jay Chang,8,0.8376,-0.1177,0.1288
M01,M,5,b_d_u__kim_minseo,b_d_u__kim_minseo,B.D.U 김민서,B.D.U,Kim Minseo,8,0.5921,0.2584,0.2399
M02,M,3,b_d_u__seunghun,b_d_u__seunghun,B.D.U 승훈,B.D.U,Seunghun,8,0.6711,0.0673,-0.1062
M04,M,2,jwiiver__chae_gaho,jwiiver__chae_gaho,JWiiver 채가호,JWiiver,Chae Gaho,19,0.3787,-0.1071,0.0850
M02,M,3,jwiiver__jukang,jwiiver__jukang,JWiiver 주강,JWiiver,Jukang,6,0.3592,-0.1290,-0.1840
M09,M,7,jwiiver__rihan,jwiiver__rihan,JWiiver 리한,JWiiver,Rihan,6,0.7654,-0.0246,0.1927
M09,M,7,nxmercy__youn,nxmercy__youn,NXMERCY 윤,NXMERCY,Youn,8,0.6333,-0.1045,0.0993
M11,M,9,vay_onn__peng_jinyu,vay_onn__peng_jinyu,VAY ONN 펑진위,VAY ONN,Peng Jinyu,7,0.5923,-0.1983,-0.1258
M01,M,5,vay_onn__sun_jiayang,vay_onn__sun_jiayang,VAY ONN 쑨지아양,VAY ONN,Sun Jiayang,5,0.3618,-0.2738,0.0222
M08,M,6,vi_enx__wonjin,vi_enx__wonjin,VI'ENX 원진,VI'ENX,Wonjin,5,0.4151,0.0278,-0.1384
M02,M,3,vi_enx__yeung,vi_enx__yeung,VI'ENX 예웅,VI'ENX,Yeung,5,0.4236,-0.1478,-0.1578
M07,M,0,vi_enx__younghoon,vi_enx__younghoon,VI'ENX 영훈,VI'ENX,Younghoon,10,0.3874,0.0342,-0.1165
M06,M,8,vvs__allan,vvs__allan,VVS 앨런,VVS,Allan,7,0.8335,-0.0047,0.2019
M01,M,5,vvs__hyosung,vvs__hyosung,VVS 효성,VVS,Hyosung,7,0.8778,0.0514,0.2004
M01,M,5,vvs__minjae,vvs__minjae,VVS 민재,VVS,Minjae,7,0.7613,0.0869,0.0002
M04,M,2,vvs__shinhwa,vvs__shinhwa,VVS 신화,VVS,Shinhwa,6,0.6146,0.0742,0.2107
M11,M,9,vvs__taeseok,vvs__taeseok,VVS 태석,VVS,Taeseok,7,0.6620,-0.0622,-0.1834
M01,M,5,withus__hwanrok,withus__hwanrok,withus 환록,withus,Hwanrok,7,0.5390,0.0956,0.3221
M01,M,5,withus__junhyeok,withus__junhyeok,withus 준혁,withus,Junhyeok,9,0.4636,0.1002,0.3153
M01,M,5,adap__hyunsung,adap__hyunsung,ADAP 현성,ADAP,Hyunsung,5,0.4523,0.2260,0.0906
M03,M,4,adap__jongho,adap__jongho,ADAP 종호,ADAP,Jongho,10,0.5414,0.0799,-0.1305
M05,M,1,keyvitup__hyunmin,keyvitup__hyunmin,KEYVITUP 현민,KEYVITUP,Hyunmin,9,0.4945,0.1211,-0.1316
M04,M,2,tunexx__donggyu,tunexx__donggyu,TUNEXX 동규,TUNEXX,Donggyu,5,0.7596,-0.1067,0.0227
M08,M,6,bts__jhope,bts__jhope,방탄소년단 제이홉,BTS,J-Hope,12,0.6924,0.1817,-0.1297
M04,M,2,bts__jimin,bts__jimin,방탄소년단 지민,BTS,Jimin,15,0.6863,-0.0890,0.1215
M07,M,0,bts__jin,bts__jin,방탄소년단 진,BTS,Jin,9,0.5790,-0.0046,-0.2336
M07,M,0,bts__jungkook,bts__jungkook,방탄소년단 정국,BTS,Jungkook,12,0.4600,-0.1481,-0.0498
M08,M,6,bts__rm,bts__rm,방탄소년단 알엠,BTS,RM,11,0.4223,0.3251,0.1569
M01,M,5,bts__suga,bts__suga,방탄소년단 슈가,BTS,Suga,10,0.6203,0.1588,0.0250
M07,M,0,bts__v,bts__v,방탄소년단 뷔,BTS,V,10,0.4653,-0.2585,-0.1005
M05,M,1,txt__beomgyu,txt__beomgyu,투모로우바이투게더 범규,TXT,Beomgyu,12,0.6856,-0.0603,-0.0372
M06,M,8,txt__hueningkai,txt__hueningkai,투모로우바이투게더 휴닝카이,TXT,Hueningkai,12,0.6744,-0.0708,0.2159
M11,M,9,txt__soobin,txt__soobin,투모로우바이투게더 수빈,TXT,Soobin,13,0.6364,-0.0812,-0.2176
M07,M,0,txt__taehyun,txt__taehyun,투모로우바이투게더 태현,TXT,Taehyun,11,0.6638,-0.1727,0.0560
M02,M,3,txt__yeonjun,txt__yeonjun,투모로우바이투게더 연준,TXT,Yeonjun,8,0.6423,-0.1212,-0.0692
M02,M,3,infinite__dongwoo,infinite__dongwoo,인피니트 동우,INFINITE,Dongwoo,10,0.6824,0.1123,-0.3323
M02,M,3,infinite__l,infinite__l,인피니트 엘,INFINITE,L,11,0.5542,-0.0730,-0.0721
M05,M,1,infinite__seongjong,infinite__seongjong,인피니트 성종,INFINITE,Seongjong,11,0.7008,0.0187,-0.1261
M01,M,5,infinite__sungkyu,infinite__sungkyu,인피니트 성규,INFINITE,Sungkyu,14,0.6734,0.2420,0.0076
M03,M,4,infinite__sungyeol,infinite__sungyeol,인피니트 성열,INFINITE,Sungyeol,11,0.5939,0.1892,-0.0574
M05,M,1,infinite__woohyun,infinite__woohyun,인피니트 우현,INFINITE,Woohyun,8,0.5684,0.1191,-0.0583
M03,M,4,stray_kids__bang_chan,stray_kids__bang_chan,스트레이키즈 방찬,Stray Kids,Bang Chan,13,0.5529,-0.1272,0.1297
M03,M,4,stray_kids__changbin,stray_kids__changbin,스트레이키즈 창빈,Stray Kids,Changbin,10,0.7275,0.1413,-0.1157
M02,M,3,stray_kids__felix,stray_kids__felix,스트레이키즈 필릭스,Stray Kids,Felix,14,0.6529,-0.0077,-0.0954
M03,M,4,stray_kids__han,stray_kids__han,스트레이키즈 한,Stray Kids,Han,11,0.4715,0.2289,-0.0472
M02,M,3,stray_kids__hyunjin,stray_kids__hyunjin,스트레이키즈 현진,Stray Kids,Hyunjin,9,0.5159,-0.0816,-0.0961
M01,M,5,stray_kids__i_n,stray_kids__i_n,스트레이키즈 아이엔,Stray Kids,I.N,9,0.6453,-0.1256,0.2598
M06,M,8,stray_kids__lee_know,stray_kids__lee_know,스트레이키즈 리노,Stray Kids,Lee Know,10,0.6936,-0.3010,0.0081
M04,M,2,stray_kids__seungmin,stray_kids__seungmin,스트레이키즈 승민,Stray Kids,Seungmin,13,0.6406,-0.1659,-0.1056
M11,M,9,astro__cha_eunwoo,astro__cha_eunwoo,아스트로 차은우,ASTRO,Cha Eunwoo,9,0.5541,-0.3144,0.0748
M03,M,4,astro__jinjin,astro__jinjin,아스트로 진진,ASTRO,JinJin,10,0.6374,0.1616,0.1097
M01,M,5,astro__mj,astro__mj,아스트로 엠제이,ASTRO,MJ,12,0.5698,0.2562,0.2278
M01,M,5,astro__moonbin,astro__moonbin,아스트로 문빈,ASTRO,Moonbin,8,0.5553,-0.0551,0.1899
M10,M,10,astro__rocky,astro__rocky,아스트로 라키,ASTRO,Rocky,12,0.6286,-0.0620,-0.1998
M08,M,6,astro__sanha,astro__sanha,아스트로 산하,ASTRO,Sanha,7,0.5653,0.0606,-0.0030
M05,M,1,exo__baekhyun,exo__baekhyun,엑소 백현,EXO,Baekhyun,9,0.4994,0.1969,-0.2374
M03,M,4,exo__chanyeol,exo__chanyeol,엑소 찬열,EXO,Chanyeol,12,0.6744,-0.0680,-0.0922
M01,M,5,exo__chen,exo__chen,엑소 첸,EXO,Chen,12,0.6873,-0.1154,0.1145
M06,M,8,exo__do,exo__do,엑소 디오,EXO,D.O.,13,0.6242,-0.0158,0.0794
M05,M,1,exo__kai,exo__kai,엑소 카이,EXO,Kai,10,0.6966,0.0609,0.1328
M09,M,7,exo__lay,exo__lay,엑소 레이,EXO,Lay,7,0.5166,-0.2125,0.2282
M02,M,3,exo__sehun,exo__sehun,엑소 세훈,EXO,Sehun,11,0.5979,-0.0006,-0.3176
M10,M,10,exo__suho,exo__suho,엑소 수호,EXO,Suho,10,0.5012,0.1402,-0.1244
M04,M,2,exo__xiumin,exo__xiumin,엑소 시우민,EXO,Xiumin,10,0.6586,-0.0519,0.1013
M03,M,4,got7__bambam,got7__bambam,갓세븐 뱀뱀,GOT7,BamBam,11,0.6006,-0.1065,-0.0006
M07,M,0,got7__jackson,got7__jackson,갓세븐 잭슨,GOT7,Jackson,14,0.5463,-0.2524,0.1033
M06,M,8,got7__jb,got7__jb,갓세븐 제이비,GOT7,JB,8,0.5946,0.0206,0.1908
M03,M,4,got7__jinyoung,got7__jinyoung,갓세븐 진영,GOT7,Jinyoung,10,0.6668,0.0032,0.0569
M10,M,10,got7__mark,got7__mark,갓세븐 마크,GOT7,Mark,11,0.5590,0.0151,-0.2415
M04,M,2,got7__youngjae,got7__youngjae,갓세븐 영재,GOT7,Youngjae,14,0.6356,0.1414,0.2409
M10,M,10,got7__yugyeom,got7__yugyeom,갓세븐 유겸,GOT7,Yugyeom,11,0.4856,-0.1528,-0.2674
M04,M,2,highlight__dongwoon,highlight__dongwoon,하이라이트 동운,Highlight,Dongwoon,5,0.4704,-0.2450,0.1890
M08,M,6,highlight__doojoon,highlight__doojoon,하이라이트 두준,Highlight,Doojoon,8,0.4906,0.0479,0.1531
M03,M,4,highlight__gikwang,highlight__gikwang,하이라이트 기광,Highlight,Gikwang,5,0.5530,-0.0820,-0.0836
M10,M,10,highlight__yoseob,highlight__yoseob,하이라이트 요섭,Highlight,Yoseob,7,0.5738,0.0335,-0.3730
M05,M,1,ikon__bobby,ikon__bobby,아이콘 바비,iKON,Bobby,11,0.6771,0.2092,0.0274
M06,M,8,ikon__jay,ikon__jay,아이콘 제이,iKON,Jay,5,0.6981,-0.0613,0.0972
M04,M,2,ikon__june,ikon__june,아이콘 준회,iKON,Ju-ne,12,0.6455,-0.1550,0.0403
M01,M,5,onf__e_tion,onf__e_tion,온앤오프 이션,ONF,E-Tion,12,0.5419,0.3088,-0.0235
M04,M,2,onf__hyojin,onf__hyojin,온앤오프 효진,ONF,Hyojin,11,0.6391,-0.0386,-0.1513
M05,M,1,onf__j_us,onf__j_us,온앤오프 승준,ONF,J-Us,7,0.5639,0.0816,-0.0112
M11,M,9,onf__laun,onf__laun,온앤오프 라운,ONF,Laun,12,0.5698,-0.1664,0.0113
M02,M,3,onf__mk,onf__mk,온앤오프 민균,ONF,MK,9,0.6410,-0.0120,-0.1024
M08,M,6,onf__wyatt,onf__wyatt,온앤오프 와이엇,ONF,Wyatt,9,0.5753,0.0716,0.1063
M03,M,4,pentagon__hongseok,pentagon__hongseok,펜타곤 홍석,Pentagon,Hongseok,12,0.6758,0.1940,-0.1456
M03,M,4,pentagon__hui,pentagon__hui,펜타곤 후이,Pentagon,Hui,15,0.5944,0.2664,0.0905
M05,M,1,pentagon__jinho,pentagon__jinho,펜타곤 진호,Pentagon,Jinho,11,0.5822,0.1520,-0.0203
M03,M,4,pentagon__kino,pentagon__kino,펜타곤 키노,Pentagon,Kino,11,0.5756,0.1102,-0.1413
M03,M,4,pentagon__shinwon,pentagon__shinwon,펜타곤 신원,Pentagon,Shinwon,13,0.6149,0.0664,0.1853
M03,M,4,pentagon__wooseok,pentagon__wooseok,펜타곤 우석,Pentagon,Wooseok,11,0.5897,-0.0104,-0.1581
M06,M,8,pentagon__yanan,pentagon__yanan,펜타곤 옌안,Pentagon,Yanan,12,0.6682,-0.0385,-0.0161
M06,M,8,pentagon__yeo_one,pentagon__yeo_one,펜타곤 여원,Pentagon,Yeo One,8,0.6281,0.0111,-0.1320
M08,M,6,pentagon__yuto,pentagon__yuto,펜타곤 유토,Pentagon,Yuto,8,0.6230,0.0011,0.0695
M06,M,8,sf9__chani,sf9__chani,SF9 찬희,SF9,Chani,11,0.6970,0.0848,-0.1758
M08,M,6,sf9__dawon,sf9__dawon,SF9 다원,SF9,Dawon,13,0.6731,-0.0316,0.0861
M07,M,0,sf9__hwiyoung,sf9__hwiyoung,SF9 휘영,SF9,Hwiyoung,9,0.5853,-0.0419,0.0067
M01,M,5,sf9__inseong,sf9__inseong,SF9 인성,SF9,Inseong,11,0.5404,0.0070,0.1407
M07,M,0,sf9__jaeyoon,sf9__jaeyoon,SF9 재윤,SF9,Jaeyoon,13,0.6513,0.0089,-0.0508
M09,M,7,sf9__taeyang,sf9__taeyang,SF9 유태양,SF9,Taeyang,9,0.6402,-0.2845,0.2245
M10,M,10,sf9__youngbin,sf9__youngbin,SF9 영빈,SF9,Youngbin,11,0.6332,0.0151,-0.3066
M09,M,7,sf9__zuho,sf9__zuho,SF9 주호,SF9,Zuho,6,0.6464,-0.0358,0.2694
M07,M,0,the_boyz__eric,the_boyz__eric,더보이즈 에릭,The Boyz,Eric,11,0.5336,-0.1311,-0.0327
M06,M,8,the_boyz__hyunjae,the_boyz__hyunjae,더보이즈 현재,The Boyz,Hyunjae,13,0.6709,-0.0370,0.1634
M10,M,10,the_boyz__jacob,the_boyz__jacob,더보이즈 제이콥,The Boyz,Jacob,15,0.5985,0.1237,-0.1365
M06,M,8,the_boyz__juhaknyeon,the_boyz__juhaknyeon,더보이즈 주학년,The Boyz,JuHaknyeon,10,0.6596,-0.1412,0.1890
M10,M,10,the_boyz__juyeon,the_boyz__juyeon,더보이즈 주연,The Boyz,Juyeon,8,0.5322,-0.1183,0.1665
M08,M,6,the_boyz__kevin,the_boyz__kevin,더보이즈 케빈,The Boyz,Kevin,6,0.6371,0.2169,0.1337
M05,M,1,the_boyz__new,the_boyz__new,더보이즈 뉴,The Boyz,New,9,0.5614,0.2188,-0.0022
M04,M,2,the_boyz__sangyeon,the_boyz__sangyeon,더보이즈 상연,The Boyz,Sangyeon,6,0.6543,0.0276,0.2809
M03,M,4,the_boyz__sunwoo,the_boyz__sunwoo,더보이즈 선우,The Boyz,Sunwoo,11,0.6637,-0.0269,-0.1288
M07,M,0,the_boyz__younghoon,the_boyz__younghoon,더보이즈 영훈,The Boyz,Younghoon,9,0.5389,-0.2183,-0.0430
M10,M,10,winner__jinu,winner__jinu,위너 진우,WINNER,Jinu,11,0.5928,-0.0353,-0.1326
M08,M,6,winner__mino,winner__mino,위너 민호,WINNER,Mino,10,0.5034,0.1003,0.0007
M08,M,6,winner__seunghoon,winner__seunghoon,위너 승훈,WINNER,Seunghoon,8,0.6840,0.4896,0.0212
M08,M,6,winner__seungyoon,winner__seungyoon,위너 승윤,WINNER,Seungyoon,11,0.4689,0.2776,-0.1563
M10,M,10,b_a_p__daehyun,b_a_p__daehyun,비에이피 정대현,B.A.P,Daehyun,8,0.5840,-0.2511,-0.1089
M08,M,6,b_a_p__jongup,b_a_p__jongup,비에이피 문종업,B.A.P,Jongup,18,0.5698,0.3251,0.2583
M03,M,4,b_a_p__yongguk,b_a_p__yongguk,비에이피 방용국,B.A.P,Yongguk,22,0.4858,0.2304,-0.0417
M02,M,3,b_a_p__youngjae,b_a_p__youngjae,비에이피 유영재,B.A.P,Youngjae,23,0.5794,0.1325,-0.1638
M07,M,0,b_a_p__zelo,b_a_p__zelo,비에이피 젤로,B.A.P,Zelo,6,0.5790,-0.0135,-0.0533
M05,M,1,day6__dowoon,day6__dowoon,데이식스 도운,DAY6,Dowoon,10,0.6148,0.1795,-0.3796
M11,M,9,day6__sungjin,day6__sungjin,데이식스 성진,DAY6,Sungjin,9,0.6298,-0.0348,-0.0263
M04,M,2,day6__wonpil,day6__wonpil,데이식스 원필,DAY6,Wonpil,9,0.5368,-0.1157,-0.1133
M08,M,6,day6__young_k,day6__young_k,데이식스 영케이,DAY6,Young K,9,0.5607,0.2099,-0.1183
M03,M,4,n_flying__dongsung,n_flying__dongsung,엔플라잉 서동성,N.Flying,Dongsung,10,0.6094,0.1811,0.2295
M02,M,3,n_flying__hun,n_flying__hun,엔플라잉 차훈,N.Flying,Hun,9,0.7122,-0.1303,-0.3440
M05,M,1,n_flying__hweseung,n_flying__hweseung,엔플라잉 유회승,N.Flying,Hweseung,7,0.6186,0.0404,-0.0590
M03,M,4,n_flying__seunghyub,n_flying__seunghyub,엔플라잉 이승협,N.Flying,Seunghyub,8,0.5704,0.0708,-0.0891
M05,M,1,vixx__hyuk,vixx__hyuk,빅스 혁,VIXX,Hyuk,7,0.6203,0.2076,0.0326
M09,M,7,vixx__ken,vixx__ken,빅스 켄,VIXX,Ken,6,0.7312,-0.0605,0.0586
M08,M,6,vixx__leo,vixx__leo,빅스 레오,VIXX,Leo,6,0.6633,0.1107,0.1461
M01,M,5,vixx__n,vixx__n,빅스 엔,VIXX,N,11,0.5888,0.0481,0.1763
M01,M,5,allday_project__tarzzan,allday_project__tarzzan,올데이 프로젝트 타잔,ALLDAY PROJECT,Tarzzan,8,0.5350,0.0166,0.0292
M09,M,7,allday_project__woochan,allday_project__woochan,올데이 프로젝트 우찬,ALLDAY PROJECT,Woochan,6,0.6181,-0.1495,0.0499
