member_id,group_name,member_name,search_hint,include_terms,exclude_terms
aespa__karina,aespa,Karina,"""에스파"" 카리나",,
aespa__winter,aespa,Winter,"""에스파"" 윈터",,
aespa__giselle,aespa,Giselle,"""에스파"" 지젤",,
aespa__ningning,aespa,Ningning,"""에스파"" 닝닝",,
ive__yujin,IVE,Yujin,"""아이브"" 안유진",아이브|안유진,
ive__gaeul,IVE,Gaeul,"""아이브"" 가을",,
ive__rei,IVE,Rei,"""아이브"" 레이",,
ive__wonyoung,IVE,Wonyoung,"""아이브"" 장원영",,
ive__liz,IVE,Liz,"""아이브"" 리즈",,
ive__leeseo,IVE,Leeseo,"""아이브"" 이서",,
le_sserafim__sakura,LE SSERAFIM,Sakura,"""르세라핌"" 사쿠라",,
le_sserafim__kim_chaewon,LE SSERAFIM,Kim Chaewon,"""르세라핌"" 김채원",,
le_sserafim__huh_yunjin,LE SSERAFIM,Huh Yunjin,"""르세라핌"" 허윤진",,
le_sserafim__kazuha,LE SSERAFIM,Kazuha,"""르세라핌"" 카즈하",,
le_sserafim__hong_eunchae,LE SSERAFIM,Hong Eunchae,"""르세라핌"" 홍은채",,
newjeans__minji,NewJeans,Minji,"""뉴진스"" 민지",,
newjeans__hanni,NewJeans,Hanni,"""뉴진스"" 하니",,
newjeans__danielle,NewJeans,Danielle,"""뉴진스"" 다니엘",뉴진스|다니엘,
newjeans__haerin,NewJeans,Haerin,"""뉴진스"" 해린",,
newjeans__hyein,NewJeans,Hyein,"""뉴진스"" 혜인",,
nmixx__lily,NMIXX,Lily,"""엔믹스"" 릴리",,
nmixx__haewon,NMIXX,Haewon,"""엔믹스"" 해원",,
nmixx__sullyoon,NMIXX,Sullyoon,"""엔믹스"" 설윤",,
nmixx__bae,NMIXX,Bae,"""엔믹스"" 배",엔믹스|배진솔,
nmixx__jiwoo,NMIXX,Jiwoo,"""엔믹스"" 지우",,
nmixx__kyujin,NMIXX,Kyujin,"""엔믹스"" 규진",,
enhypen__jungwon,ENHYPEN,Jungwon,"""엔하이픈"" 정원",,
enhypen__heeseung,ENHYPEN,Heeseung,"""엔하이픈"" 희승",,
enhypen__jay,ENHYPEN,Jay,"""엔하이픈"" 제이",엔하이픈|박종성,
enhypen__jake,ENHYPEN,Jake,"""엔하이픈"" 제이크",,
enhypen__sunghoon,ENHYPEN,Sunghoon,"""엔하이픈"" 성훈",,
enhypen__sunoo,ENHYPEN,Sunoo,"""엔하이픈"" 선우",,
enhypen__ni_ki,ENHYPEN,Ni-ki,"""엔하이픈"" 니키",,
riize__shotaro,RIIZE,Shotaro,"""라이즈"" 쇼타로",,
riize__eunseok,RIIZE,Eunseok,"""라이즈"" 은석",,
riize__sungchan,RIIZE,Sungchan,"""라이즈"" 성찬",,
riize__wonbin,RIIZE,Wonbin,"""라이즈"" 원빈",라이즈|원빈,
riize__sohee,RIIZE,Sohee,"""라이즈"" 소희",,
riize__anton,RIIZE,Anton,"""라이즈"" 앤톤",라이즈|앤톤|이찬영,
boynextdoor__sungho,BOYNEXTDOOR,Sungho,"""보이넥스트도어"" 성호",,
boynextdoor__riwoo,BOYNEXTDOOR,Riwoo,"""보이넥스트도어"" 리우",,
boynextdoor__jaehyun,BOYNEXTDOOR,Jaehyun,"""보이넥스트도어"" 재현",보이넥스트도어|명재현,NCT|정재현
boynextdoor__taesan,BOYNEXTDOOR,Taesan,"""보이넥스트도어"" 태산",,
boynextdoor__leehan,BOYNEXTDOOR,Leehan,"""보이넥스트도어"" 이한",,
boynextdoor__woonhak,BOYNEXTDOOR,Woonhak,"""보이넥스트도어"" 운학",,
p1harmony__keeho,P1Harmony,Keeho,"""피원하모니"" 기호",,
p1harmony__theo,P1Harmony,Theo,"""피원하모니"" 테오",,
p1harmony__jiung,P1Harmony,Jiung,"""피원하모니"" 지웅",,
p1harmony__intak,P1Harmony,Intak,"""피원하모니"" 인탁",,
p1harmony__soul,P1Harmony,Soul,"""피원하모니"" 소울",,
p1harmony__jongseob,P1Harmony,Jongseob,"""피원하모니"" 종섭",,
treasure__choi_hyunsuk,TREASURE,Choi Hyunsuk,"""트레저"" 최현석",,
treasure__jihoon,TREASURE,Jihoon,"""트레저"" 지훈",트레저|지훈,
treasure__yoshi,TREASURE,Yoshi,"""트레저"" 요시",,
treasure__junkyu,TREASURE,Junkyu,"""트레저"" 준규",,
treasure__jaehyuk,TREASURE,Jaehyuk,"""트레저"" 재혁",,
treasure__asahi,TREASURE,Asahi,"""트레저"" 아사히",,
treasure__doyoung,TREASURE,Doyoung,"""트레저"" 도영",트레저|도영,
treasure__haruto,TREASURE,Haruto,"""트레저"" 하루토",,
treasure__jeongwoo,TREASURE,Jeongwoo,"""트레저"" 정우",트레저|정우,
treasure__junghwan,TREASURE,Junghwan,"""트레저"" 정환",,
cravity__serim,CRAVITY,Serim,"""크래비티"" 세림",,
cravity__allen,CRAVITY,Allen,"""크래비티"" 앨런",,
cravity__jungmo,CRAVITY,Jungmo,"""크래비티"" 정모",,
cravity__woobin,CRAVITY,Woobin,"""크래비티"" 우빈",,
cravity__wonjin,CRAVITY,Wonjin,"""크래비티"" 원진",,
cravity__minhee,CRAVITY,Minhee,"""크래비티"" 민희",,
cravity__hyeongjun,CRAVITY,Hyeongjun,"""크래비티"" 형준",,
cravity__taeyoung,CRAVITY,Taeyoung,"""크래비티"" 태영",,
cravity__seongmin,CRAVITY,Seongmin,"""크래비티"" 성민",,
dkb__e_chan,DKB,E-Chan,"""다크비"" 이찬",,
dkb__d1,DKB,D1,"""다크비"" 디원",,
dkb__gk,DKB,GK,"""다크비"" 지케이",,
dkb__lune,DKB,Lune,"""다크비"" 룬",,
dkb__junseo,DKB,Junseo,"""다크비"" 준서",,
dkb__yuku,DKB,Yuku,"""다크비"" 유쿠",,
dkb__harry_june,DKB,Harry June,"""다크비"" 해리준",,
dkb__heechan,DKB,Heechan,"""다크비"" 희찬",,
elast__rano,E'LAST,Rano,"""엘라스트"" 라노",,
elast__choi_in,E'LAST,Choi In,"""엘라스트"" 최인",,
elast__baekgyeul,E'LAST,Baekgyeul,"""엘라스트"" 백결",,
elast__romin,E'LAST,Romin,"""엘라스트"" 로민",,
elast__won_hyuk,E'LAST,Won Hyuk,"""엘라스트"" 원혁",,
elast__wonjun,E'LAST,Wonjun,"""엘라스트"" 원준",,
elast__yejun,E'LAST,Yejun,"""엘라스트"" 예준",,
bae173__yoojun,BAE173,Yoojun,"""BAE173"" 유준",,
bae173__muzin,BAE173,Muzin,"""BAE173"" 무진",,
bae173__j_min,BAE173,J-Min,"""BAE173"" 제이민",,
bae173__junseo,BAE173,Junseo,"""BAE173"" 준서",,
bae173__youngseo,BAE173,Youngseo,"""BAE173"" 영서",,
bae173__bit,BAE173,Bit,"""BAE173"" 빛",,
bae173__doha,BAE173,Doha,"""BAE173"" 도하",,
drippin__hyeop,DRIPPIN,Hyeop,"""드리핀"" 협",,
drippin__yunseong,DRIPPIN,Yunseong,"""드리핀"" 윤성",,
drippin__changuk,DRIPPIN,Changuk,"""드리핀"" 창욱",,
drippin__dongyun,DRIPPIN,Dongyun,"""드리핀"" 동윤",,
drippin__minseo,DRIPPIN,Minseo,"""드리핀"" 민서",,
drippin__junho,DRIPPIN,Junho,"""드리핀"" 준호",,
ghost9__junhyung,GHOST9,Junhyung,"""고스트나인"" 준형",,
ghost9__junseong,GHOST9,Junseong,"""고스트나인"" 준성",,
ghost9__kangsung,GHOST9,Kangsung,"""고스트나인"" 강성",,
ghost9__shin,GHOST9,Shin,"""고스트나인"" 이신",,
ghost9__prince,GHOST9,Prince,"""고스트나인"" 프린스",,
ghost9__woojin,GHOST9,Woojin,"""고스트나인"" 우진",,
ghost9__jinwoo,GHOST9,Jinwoo,"""고스트나인"" 진우",,
lucy__sangyeop,LUCY,Sangyeop,"""루시"" 상엽",,
lucy__yechan,LUCY,Yechan,"""루시"" 예찬",,
lucy__wonsang,LUCY,Wonsang,"""루시"" 원상",,
lucy__gwangil,LUCY,Gwangil,"""루시"" 광일",,
mcnd__castle_j,MCND,Castle J,"""엠씨엔디"" 캐슬제이",,
mcnd__bic,MCND,BIC,"""엠씨엔디"" 빅",,
mcnd__minjae,MCND,Minjae,"""엠씨엔디"" 민재",,
mcnd__huijun,MCND,Huijun,"""엠씨엔디"" 휘준",,
mcnd__win,MCND,Win,"""엠씨엔디"" 윈",,
wei__daehyeon,WEi,Daehyeon,"""위아이"" 대현",,
wei__donghan,WEi,Donghan,"""위아이"" 동한",,
wei__yongha,WEi,Yongha,"""위아이"" 용하",,
wei__yohan,WEi,Yohan,"""위아이"" 요한",,
wei__seokhwa,WEi,Seokhwa,"""위아이"" 석화",,
wei__junseo,WEi,Junseo,"""위아이"" 준서",,
blitzers__jinhwa,BLITZERS,Jinhwa,"""블리처스"" 진화",,
blitzers__wooju,BLITZERS,Wooju,"""블리처스"" 우주",,
blitzers__juhan,BLITZERS,Juhan,"""블리처스"" 주한",,
blitzers__lutan,BLITZERS,Lutan,"""블리처스"" 루탄",,
blitzers__chris,BLITZERS,Chris,"""블리처스"" 크리스",,
blitzers__sya,BLITZERS,Sya,"""블리처스"" 샤",,
epex__wish,EPEX,Wish,"""이펙스"" 위시",,
epex__mu,EPEX,Mu,"""이펙스"" 뮤",,
epex__a_min,EPEX,A-Min,"""이펙스"" 아민",,
epex__baekseung,EPEX,Baekseung,"""이펙스"" 백승",,
epex__ayden,EPEX,Ayden,"""이펙스"" 에이든",,
epex__yewang,EPEX,Yewang,"""이펙스"" 예왕",,
epex__jeff,EPEX,Jeff,"""이펙스"" 제프",,
justb__geonu,JUSTB,Geonu,"""저스트비"" 건우",,
justb__bain,JUSTB,Bain,"""저스트비"" 배인",,
justb__jm,JUSTB,JM,"""저스트비"" JM",,
justb__dy,JUSTB,DY,"""저스트비"" DY",,
justb__jimin,JUSTB,Jimin,"""저스트비"" 지민",저스트비|지민,
justb__san,JUSTB,San,"""저스트비"" 산",,
omega_x__jaehan,OMEGA X,Jaehan,"""오메가엑스"" 재한",,
omega_x__hwichan,OMEGA X,Hwichan,"""오메가엑스"" 휘찬",,
omega_x__sebin,OMEGA X,Sebin,"""오메가엑스"" 세빈",,
omega_x__hangyeom,OMEGA X,Hangyeom,"""오메가엑스"" 송한겸",,
omega_x__taedong,OMEGA X,Taedong,"""오메가엑스"" 태동",,
omega_x__xen,OMEGA X,Xen,"""오메가엑스"" 젠",,
omega_x__jehyun,OMEGA X,Jehyun,"""오메가엑스"" 제현",,
omega_x__kevin,OMEGA X,Kevin,"""오메가엑스"" 케빈",,
omega_x__junghoon,OMEGA X,Junghoon,"""오메가엑스"" 정훈",,
omega_x__hyuk,OMEGA X,Hyuk,"""오메가엑스"" 혁",,
omega_x__yechan,OMEGA X,Yechan,"""오메가엑스"" 예찬",,
the_kingdom__dann,The KingDom,Dann,"""더킹덤"" 단",,
the_kingdom__arthur,The KingDom,Arthur,"""더킹덤"" 아서",,
the_kingdom__mujin,The KingDom,Mujin,"""더킹덤"" 무진",,
the_kingdom__louis,The KingDom,Louis,"""더킹덤"" 루이",,
the_kingdom__ivan,The KingDom,Ivan,"""더킹덤"" 아이반",,
the_kingdom__jahan,The KingDom,Jahan,"""더킹덤"" 자한",,
xdinary_heroes__gunil,Xdinary Heroes,Gunil,"""엑스디너리히어로즈"" 건일",,
xdinary_heroes__jungsu,Xdinary Heroes,Jungsu,"""엑스디너리히어로즈"" 정수",,
xdinary_heroes__gaon,Xdinary Heroes,Gaon,"""엑스디너리히어로즈"" 가온",,
xdinary_heroes__o_de,Xdinary Heroes,O.de,"""엑스디너리히어로즈"" 오드",,
xdinary_heroes__jun_han,Xdinary Heroes,Jun Han,"""엑스디너리히어로즈"" 준한",,
xdinary_heroes__jooyeon,Xdinary Heroes,Jooyeon,"""엑스디너리히어로즈"" 주연",,
and_team__k,&TEAM,K,"""앤팀"" 케이",,
and_team__fuma,&TEAM,Fuma,"""앤팀"" 후마",,
and_team__nicholas,&TEAM,Nicholas,"""앤팀"" 니콜라스",,
and_team__ej,&TEAM,EJ,"""앤팀"" 의주",,
and_team__yuma,&TEAM,Yuma,"""앤팀"" 유마",,
and_team__jo,&TEAM,Jo,"""앤팀"" 조",,
and_team__harua,&TEAM,Harua,"""앤팀"" 하루아",,
and_team__taki,&TEAM,Taki,"""앤팀"" 타키",,
and_team__maki,&TEAM,Maki,"""앤팀"" 마키",,
nine_i__jewon,NINE.i,Jewon,"""나인아이"" 제원",,
nine_i__vahn,NINE.i,Vahn,"""나인아이"" 반",,
nine_i__taehun,NINE.i,Taehun,"""나인아이"" 태훈",,
nine_i__minjun,NINE.i,Minjun,"""나인아이"" 민준",,
nine_i__eden,NINE.i,Eden,"""나인아이"" 이든",,
nine_i__vari,NINE.i,Vari,"""나인아이"" 베리",,
nine_i__jiho,NINE.i,Jiho,"""나인아이"" 지호",,
tan__changsun,TAN,Changsun,"""TAN"" 창선",,
tan__jooan,TAN,Jooan,"""TAN"" 주안",,
tan__jaejun,TAN,Jaejun,"""TAN"" 재준",,
tan__sunghyuk,TAN,Sunghyuk,"""TAN"" 성혁",,
tan__hyunyeop,TAN,Hyunyeop,"""TAN"" 현엽",,
tan__taehoon,TAN,Taehoon,"""TAN"" 태훈",,
tan__jiseong,TAN,Jiseong,"""TAN"" 지성",,
tempest__hanbin,TEMPEST,Hanbin,"""템페스트"" 한빈",,
tempest__hyeongseop,TEMPEST,Hyeongseop,"""템페스트"" 형섭",,
tempest__lew,TEMPEST,Lew,"""템페스트"" 루",,
tempest__eunchan,TEMPEST,Eunchan,"""템페스트"" 은찬",,
tempest__hyuk,TEMPEST,Hyuk,"""템페스트"" 혁",,
tempest__taerae,TEMPEST,Taerae,"""템페스트"" 태래",,
tnx__taehun,TNX,Taehun,"""티엔엑스"" 태훈",,
tnx__hyunsoo,TNX,Hyunsoo,"""티엔엑스"" 현수",,
tnx__sungjun,TNX,Sungjun,"""티엔엑스"" 성준",,
tnx__hwi,TNX,Hwi,"""티엔엑스"" 휘",,
tnx__junhyeok,TNX,Junhyeok,"""티엔엑스"" 준혁",,
trendz__havit,TRENDZ,Havit,"""트렌드지"" 하빛",,
trendz__leon,TRENDZ,Leon,"""트렌드지"" 리온",,
trendz__yoonwoo,TRENDZ,Yoonwoo,"""트렌드지"" 윤우",,
trendz__hankook,TRENDZ,Hankook,"""트렌드지"" 한국",,
trendz__ra_l,TRENDZ,ra.L,"""트렌드지"" 라엘",,
trendz__eunil,TRENDZ,Eunil,"""트렌드지"" 은일",,
trendz__yechan,TRENDZ,Yechan,"""트렌드지"" 예찬",,
younite__eunho,YOUNITE,Eunho,"""유나이트"" 은호",,
younite__eunsang,YOUNITE,Eunsang,"""유나이트"" 은상",,
younite__steve,YOUNITE,Steve,"""유나이트"" 스티브",,
younite__hyungseok,YOUNITE,Hyungseok,"""유나이트"" 형석",,
younite__kyungmun,YOUNITE,Kyungmun,"""유나이트"" 경문",,
younite__dey,YOUNITE,DEY,"""유나이트"" 데이",,
younite__woono,YOUNITE,Woono,"""유나이트"" 우노",,
younite__sion,YOUNITE,Sion,"""유나이트"" 시온",,
zerobaseone__sung_hanbin,ZEROBASEONE,Sung Hanbin,"""제로베이스원"" 성한빈",,
zerobaseone__kim_jiwoong,ZEROBASEONE,Kim Jiwoong,"""제로베이스원"" 김지웅",,
zerobaseone__seok_matthew,ZEROBASEONE,Seok Matthew,"""제로베이스원"" 석매튜",,
zerobaseone__kim_taerae,ZEROBASEONE,Kim Taerae,"""제로베이스원"" 김태래",,
zerobaseone__park_gunwook,ZEROBASEONE,Park Gunwook,"""제로베이스원"" 박건욱",,
nct__taeyong,NCT,Taeyong,"""NCT"" 태용",,
nct__johnny,NCT,Johnny,"""NCT"" 쟈니",,
nct__yuta,NCT,Yuta,"""NCT"" 유타",,
nct__doyoung,NCT,Doyoung,"""NCT"" 도영",NCT|도영,
nct__jaehyun,NCT,Jaehyun,"""NCT"" 재현",NCT|재현,
nct__jungwoo,NCT,Jungwoo,"""NCT"" 정우",NCT|정우,
nct__haechan,NCT,Haechan,"""NCT"" 해찬",,
nct__renjun,NCT,Renjun,"""NCT"" 런쥔",,
nct__jeno,NCT,Jeno,"""NCT"" 제노",,
nct__jaemin,NCT,Jaemin,"""NCT"" 재민",,
nct__chenle,NCT,Chenle,"""NCT"" 천러",,
nct__jisung,NCT,Jisung,"""NCT"" 지성",,
nct__kun,NCT,Kun,"""NCT"" 쿤",,
nct__ten,NCT,Ten,"""NCT"" 텐",,
nct__winwin,NCT,WinWin,"""NCT"" 윈윈",,
nct__xiaojun,NCT,Xiaojun,"""NCT"" 샤오쥔",,
nct__hendery,NCT,Hendery,"""NCT"" 헨드리",,
nct__yangyang,NCT,Yangyang,"""NCT"" 양양",,
the_wind__kim_heesoo,The Wind,Kim Heesoo,"""더윈드"" 김희수",,
the_wind__thanatorn,The Wind,Thanatorn,"""더윈드"" 타나톤",,
the_wind__choi_hanbin,The Wind,Choi Hanbin,"""더윈드"" 최한빈",,
the_wind__park_hayuchan,The Wind,Park Hayuchan,"""더윈드"" 박하유찬",,
the_wind__an_chanwon,The Wind,An Chanwon,"""더윈드"" 안찬원",,
the_wind__jang_hyounjoon,The Wind,Jang Hyounjoon,"""더윈드"" 장현준",,
monsta_x__shownu,MONSTA X,Shownu,"""몬스타엑스"" 셔누",,
monsta_x__minhyuk,MONSTA X,Minhyuk,"""몬스타엑스"" 민혁",몬스타엑스|민혁,
monsta_x__kihyun,MONSTA X,Kihyun,"""몬스타엑스"" 기현",,
monsta_x__hyungwon,MONSTA X,Hyungwon,"""몬스타엑스"" 형원",,
monsta_x__joohoney,MONSTA X,Joohoney,"""몬스타엑스"" 주헌",,
monsta_x__im,MONSTA X,I.M,"""몬스타엑스"" 아이엠",,
evnne__keita,EVNNE,Keita,"""이븐"" 케이타",,
evnne__park_hanbin,EVNNE,Park Hanbin,"""이븐"" 박한빈",,
evnne__lee_jeonghyeon,EVNNE,Lee Jeonghyeon,"""이븐"" 이정현",,
evnne__mun_junghyun,EVNNE,Mun Junghyun,"""이븐"" 문정현",,
evnne__park_jihoo,EVNNE,Park Jihoo,"""이븐"" 박지후",,
hori7on__vinci,HORI7ON,Vinci,"""호라이즌"" 빈치",,
hori7on__kyler,HORI7ON,Kyler,"""호라이즌"" 카일러",,
hori7on__reyster,HORI7ON,Reyster,"""호라이즌"" 레이스터",,
hori7on__winston,HORI7ON,Winston,"""호라이즌"" 윈스턴",,
hori7on__jeromy,HORI7ON,Jeromy,"""호라이즌"" 제로미",,
hori7on__marcus,HORI7ON,Marcus,"""호라이즌"" 마커스",,
hori7on__kim,HORI7ON,Kim,"""호라이즌"" 킴",,
lun8__jinsu,LUN8,Jinsu,"""루네이트"" 진수",,
lun8__yuma,LUN8,Yuma,"""루네이트"" 유우마",,
lun8__chael,LUN8,Chael,"""루네이트"" 카엘",,
lun8__takuma,LUN8,Takuma,"""루네이트"" 타쿠마",,
lun8__junwoo,LUN8,Junwoo,"""루네이트"" 준우",,
lun8__dohyun,LUN8,Dohyun,"""루네이트"" 도현",,
lun8__ian,LUN8,Ian,"""루네이트"" 이안",,
one_pact__jongwoo,ONE PACT,Jongwoo,"""원팩트"" 종우",,
one_pact__jay_chang,ONE PACT,Jay Chang,"""원팩트"" 제이창",,
one_pact__seongmin,ONE PACT,Seongmin,"""원팩트"" 성민",,
one_pact__tag,ONE PACT,TAG,"""원팩트"" 태그",,
one_pact__yedam,ONE PACT,Yedam,"""원팩트"" 예담",,
tiot__kim_minseoung,TIOT,Kim Minseoung,"""티아이오티"" 김민성",,
tiot__kum_junhyeon,TIOT,Kum Junhyeon,"""티아이오티"" 금준현",,
tiot__hong_keonhee,TIOT,Hong Keonhee,"""티아이오티"" 홍건희",,
tiot__choi_woojin,TIOT,Choi Woojin,"""티아이오티"" 최우진",,
tiot__shin_yechan,TIOT,Shin Yechan,"""티아이오티"" 신예찬",,
whib__kim_junmin,WHIB,Kim Junmin,"""휘브"" 김준민",,
whib__haseung,WHIB,Haseung,"""휘브"" 하승",,
whib__jinbeom,WHIB,Jinbeom,"""휘브"" 진범",,
whib__ugeon,WHIB,UGeon,"""휘브"" 유건",,
whib__leejeong,WHIB,Leejeong,"""휘브"" 이정",,
whib__jaeha,WHIB,Jaeha,"""휘브"" 재하",,
whib__wonjun,WHIB,Wonjun,"""휘브"" 원준",,
xodiac__lex,XODIAC,Lex,"""소디엑"" 렉스",,
xodiac__hyunsik,XODIAC,Hyunsik,"""소디엑"" 현식",,
xodiac__zayyan,XODIAC,Zayyan,"""소디엑"" 자얀",,
xodiac__beomsoo,XODIAC,Beomsoo,"""소디엑"" 범수",,
xodiac__wain,XODIAC,Wain,"""소디엑"" 웨인",,
xodiac__gyumin,XODIAC,Gyumin,"""소디엑"" 규민",,
xodiac__sing,XODIAC,Sing,"""소디엑"" 씽",,
xodiac__davin,XODIAC,Davin,"""소디엑"" 다빈",,
xodiac__leo,XODIAC,Leo,"""소디엑"" 리오",,
xikers__minjae,xikers,Minjae,"""싸이커스"" 민재",,
xikers__sumin,xikers,Sumin,"""싸이커스"" 수민",,
xikers__jinsik,xikers,Jinsik,"""싸이커스"" 진식",,
xikers__hunter,xikers,Hunter,"""싸이커스"" 헌터",,
xikers__junmin,xikers,Junmin,"""싸이커스"" 준민",,
xikers__yujun,xikers,Yujun,"""싸이커스"" 유준",,
xikers__seeun,xikers,Seeun,"""싸이커스"" 세은",,
xikers__hyunwoo,xikers,Hyunwoo,"""싸이커스"" 현우",,
xikers__junghoon,xikers,Junghoon,"""싸이커스"" 정훈",,
xikers__yechan,xikers,Yechan,"""싸이커스"" 예찬",,
n_ssign__kazuta,n.SSign,Kazuta,"""엔싸인"" 카즈타",,
n_ssign__doha,n.SSign,Doha,"""엔싸인"" 도하",,
n_ssign__sungyun,n.SSign,Sungyun,"""엔싸인"" 성윤",,
n_ssign__robin,n.SSign,Robin,"""엔싸인"" 로빈",,
n_ssign__hanjun,n.SSign,Hanjun,"""엔싸인"" 한준",,
n_ssign__laurence,n.SSign,Laurence,"""엔싸인"" 로렌스",,
n_ssign__huiwon,n.SSign,Huiwon,"""엔싸인"" 희원",,
eight_turn__myungho,8TURN,Myungho,"""에잇턴"" 명호",,
eight_turn__jaeyun,8TURN,Jaeyun,"""에잇턴"" 재윤",,
eight_turn__minho,8TURN,Minho,"""에잇턴"" 민호",,
eight_turn__yoonsung,8TURN,Yoonsung,"""에잇턴"" 윤성",,
eight_turn__haemin,8TURN,Haemin,"""에잇턴"" 해민",,
eight_turn__kyungmin,8TURN,Kyungmin,"""에잇턴"" 경민",,
eight_turn__yungyu,8TURN,Yungyu,"""에잇턴"" 윤규",,
eight_turn__seungheon,8TURN,Seungheon,"""에잇턴"" 승헌",,
eighty_two_major__seongil,82MAJOR,Seongil,"""팔이메이저"" 성일",,
eighty_two_major__yechan,82MAJOR,Yechan,"""팔이메이저"" 예찬",,
eighty_two_major__seongmo,82MAJOR,Seongmo,"""팔이메이저"" 성모",,
eighty_two_major__seongbin,82MAJOR,Seongbin,"""팔이메이저"" 성빈",,
eighty_two_major__seokjoon,82MAJOR,Seokjoon,"""팔이메이저"" 석준",,
eighty_two_major__dogyun,82MAJOR,Dogyun,"""팔이메이저"" 도균",,
nct_wish__sion,NCT WISH,Sion,"""엔시티위시"" 시온",,
nct_wish__riku,NCT WISH,Riku,"""엔시티위시"" 리쿠",,
nct_wish__yushi,NCT WISH,Yushi,"""엔시티위시"" 유우시",,
nct_wish__jaehee,NCT WISH,Jaehee,"""엔시티위시"" 재희",,
nct_wish__ryo,NCT WISH,Ryo,"""엔시티위시"" 료",,
nct_wish__sakuya,NCT WISH,Sakuya,"""엔시티위시"" 사쿠야",,
tws__shinyu,TWS,Shinyu,"""투어스"" 신유",,
tws__dohoon,TWS,Dohoon,"""투어스"" 도훈",,
tws__youngjae,TWS,Youngjae,"""투어스"" 영재",,
tws__hanjin,TWS,Hanjin,"""투어스"" 한진",,
tws__jihoon,TWS,Jihoon,"""투어스"" 지훈",,
tws__kyungmin,TWS,Kyungmin,"""투어스"" 경민",,
seventeen__scoups,SEVENTEEN,S.Coups,"""세븐틴"" 에스쿱스",,
seventeen__jeonghan,SEVENTEEN,Jeonghan,"""세븐틴"" 정한",,
seventeen__joshua,SEVENTEEN,Joshua,"""세븐틴"" 조슈아",,
seventeen__jun,SEVENTEEN,Jun,"""세븐틴"" 준",,
seventeen__hoshi,SEVENTEEN,Hoshi,"""세븐틴"" 호시",,
seventeen__wonwoo,SEVENTEEN,Wonwoo,"""세븐틴"" 원우",,
seventeen__woozi,SEVENTEEN,Woozi,"""세븐틴"" 우지",,
seventeen__dk,SEVENTEEN,DK,"""세븐틴"" 도겸",,
seventeen__mingyu,SEVENTEEN,Mingyu,"""세븐틴"" 민규",,
seventeen__the8,SEVENTEEN,The8,"""세븐틴"" 디에잇",,
seventeen__seungkwan,SEVENTEEN,Seungkwan,"""세븐틴"" 승관",,
seventeen__vernon,SEVENTEEN,Vernon,"""세븐틴"" 버논",,
seventeen__dino,SEVENTEEN,Dino,"""세븐틴"" 디노",,
super_junior__leeteuk,SUPER JUNIOR,Leeteuk,"""슈퍼주니어"" 이특",,
super_junior__heechul,SUPER JUNIOR,Heechul,"""슈퍼주니어"" 희철",,
super_junior__yesung,SUPER JUNIOR,Yesung,"""슈퍼주니어"" 예성",,
super_junior__shindong,SUPER JUNIOR,Shindong,"""슈퍼주니어"" 신동",,
super_junior__eunhyuk,SUPER JUNIOR,Eunhyuk,"""슈퍼주니어"" 은혁",,
super_junior__donghae,SUPER JUNIOR,Donghae,"""슈퍼주니어"" 동해",,
super_junior__siwon,SUPER JUNIOR,Siwon,"""슈퍼주니어"" 시원",,
super_junior__ryeowook,SUPER JUNIOR,Ryeowook,"""슈퍼주니어"" 려욱",,
super_junior__kyuhyun,SUPER JUNIOR,Kyuhyun,"""슈퍼주니어"" 규현",,
nexz__tomoya,NEXZ,Tomoya,"""넥스지"" 토모야",,
nexz__yu,NEXZ,Yu,"""넥스지"" 유우",,
nexz__haru,NEXZ,Haru,"""넥스지"" 하루",,
nexz__so_geon,NEXZ,So Geon,"""넥스지"" 소건",,
nexz__seita,NEXZ,Seita,"""넥스지"" 세이타",,
nexz__hyui,NEXZ,Hyui,"""넥스지"" 휴이",,
nexz__yuki,NEXZ,Yuki,"""넥스지"" 유키",,
dxmon__minjae,DXMON,Minjae,"""다이몬"" 민재",,
dxmon__seita,DXMON,Seita,"""다이몬"" 세이타",,
dxmon__hee,DXMON,Hee,"""다이몬"" 히",,
dxmon__tk,DXMON,TK,"""다이몬"" TK",,
dxmon__rex,DXMON,Rex,"""다이몬"" 렉스",,
nchive__ha_l,NCHIVE,HA.L,"""엔카이브"" 하엘",,
nchive__e_an,NCHIVE,E.aN,"""엔카이브"" 이안",,
nchive__kangsan,NCHIVE,Kangsan,"""엔카이브"" 강산",,
nchive__yuchan,NCHIVE,Yuchan,"""엔카이브"" 유찬",,
nchive__juyoung,NCHIVE,Juyoung,"""엔카이브"" 주영",,
nchive__n,NCHIVE,N,"""엔카이브"" 엔",,
allhours__kunho,ALL(H)OURS,Kunho,"""올아워즈"" 건호",,
allhours__youmin,ALL(H)OURS,Youmin,"""올아워즈"" 유민",,
allhours__xayden,ALL(H)OURS,Xayden,"""올아워즈"" 제이든",,
allhours__minje,ALL(H)OURS,Minje,"""올아워즈"" 민제",,
allhours__masami,ALL(H)OURS,Masami,"""올아워즈"" 마사미",,
allhours__hyunbin,ALL(H)OURS,Hyunbin,"""올아워즈"" 현빈",,
allhours__on_n,ALL(H)OURS,ON:N,"""올아워즈"" 온",,
idid__jang_yonghoon,IDID,Jang Yonghoon,"""아이딧"" 장용훈",,
idid__kim_minjae,IDID,Kim Minjae,"""아이딧"" 김민재",,
idid__park_wonbin,IDID,Park Wonbin,"""아이딧"" 박원빈",,
idid__chu_yoochan,IDID,Chu Yoochan,"""아이딧"" 추유찬",,
idid__park_seonghyeon,IDID,Park Seonghyeon,"""아이딧"" 박성현",,
idid__baek_junhyuk,IDID,Baek Junhyuk,"""아이딧"" 백준혁",,
idid__jeong_semin,IDID,Jeong Semin,"""아이딧"" 정세민",,
kickflip__kyehoon,KickFlip,Kyehoon,"""킥플립"" 계훈",,
kickflip__amaru,KickFlip,Amaru,"""킥플립"" 아마루",,
kickflip__donghwa,KickFlip,Donghwa,"""킥플립"" 동화",,
kickflip__juwang,KickFlip,Juwang,"""킥플립"" 주왕",,
kickflip__minje,KickFlip,Minje,"""킥플립"" 민제",,
kickflip__keiju,KickFlip,Keiju,"""킥플립"" 케이주",,
kickflip__donghyeon,KickFlip,Donghyeon,"""킥플립"" 동현",,
ntx__hyeongjin,NTX,Hyeongjin,"""엔티엑스"" 형진",,
ntx__yunhyeok,NTX,Yunhyeok,"""엔티엑스"" 윤혁",,
ntx__xiha,NTX,Xiha,"""엔티엑스"" 시하",,
ntx__changhun,NTX,Changhun,"""엔티엑스"" 창훈",,
ntx__hojun,NTX,Hojun,"""엔티엑스"" 호준",,
ntx__rawhyun,NTX,Rawhyun,"""엔티엑스"" 로현",,
ntx__eunho,NTX,Eunho,"""엔티엑스"" 은호",,
ntx__seungwon,NTX,Seungwon,"""엔티엑스"" 승원",,
fantasy_boys__kang_minseo,FANTASY BOYS,Kang Minseo,"""판타지보이즈"" 강민서",,
fantasy_boys__lee_hanbin,FANTASY BOYS,Lee Hanbin,"""판타지보이즈"" 이한빈",,
fantasy_boys__hikari,FANTASY BOYS,Hikari,"""판타지보이즈"" 히카리",,
fantasy_boys__ling_qi,FANTASY BOYS,Ling Qi,"""판타지보이즈"" 링치",,
fantasy_boys__hikaru,FANTASY BOYS,Hikaru,"""판타지보이즈"" 히카루",,
fantasy_boys__kim_wooseok,FANTASY BOYS,Kim Wooseok,"""판타지보이즈"" 김우석",,
fantasy_boys__hong_sungmin,FANTASY BOYS,Hong Sungmin,"""판타지보이즈"" 홍성민",,
fantasy_boys__oh_hyeontae,FANTASY BOYS,Oh Hyeontae,"""판타지보이즈"" 오현태",,
fantasy_boys__kim_gyurae,FANTASY BOYS,Kim Gyurae,"""판타지보이즈"" 김규래",,
fantasy_boys__kaedan,FANTASY BOYS,Kaedan,"""판타지보이즈"" 케이단",,
sevenus__heejae,SEVENUS,Heejae,"""세븐어스"" 희재",,
sevenus__ireah,SEVENUS,Ireah,"""세븐어스"" 이레",,
hifi_unicorn__taemin,Hi-Fi Un!corn,Taemin,"""하이파이유니콘"" 태민",,
hifi_unicorn__shuto,Hi-Fi Un!corn,Shuto,"""하이파이유니콘"" 슈토",,
hifi_unicorn__hyunyul,Hi-Fi Un!corn,Hyunyul,"""하이파이유니콘"" 현율",,
hifi_unicorn__kiyoon,Hi-Fi Un!corn,Kiyoon,"""하이파이유니콘"" 기윤",,
hifi_unicorn__min,Hi-Fi Un!corn,Min,"""하이파이유니콘"" 민",,
pow__jungbin,POW,Jungbin,"""POW"" 정빈",,
pow__yorch,POW,Yorch,"""POW"" 요치",,
pow__hyunbin,POW,Hyunbin,"""POW"" 현빈",,
pow__dongyeon,POW,Dongyeon,"""POW"" 동연",,
pow__hong,POW,Hong,"""POW"" 홍",,
cmdm__byunghoon,CMDM,Byunghoon,"""CMDM"" 병훈",,
cmdm__hyunhah,CMDM,Hyunhah,"""CMDM"" 현하",,
cmdm__junhyoung,CMDM,Junhyoung,"""CMDM"" 준형",,
cmdm__heeju,CMDM,Heeju,"""CMDM"" 희주",,
cmdm__nohyul,CMDM,Nohyul,"""CMDM"" 노율",,
ampersandone__kamden,AMPERS&ONE,Kamden,"""앰퍼샌드원"" 캠든",,
ampersandone__brian,AMPERS&ONE,Brian,"""앰퍼샌드원"" 브라이언",,
ampersandone__jiho,AMPERS&ONE,Jiho,"""앰퍼샌드원"" 지호",,
ampersandone__siyun,AMPERS&ONE,Siyun,"""앰퍼샌드원"" 시윤",,
ampersandone__mackiah,AMPERS&ONE,Mackiah,"""앰퍼샌드원"" 마카야",,
ampersandone__kyrell,AMPERS&ONE,Kyrell,"""앰퍼샌드원"" 카이렐",,
ampersandone__seungmo,AMPERS&ONE,Seungmo,"""앰퍼샌드원"" 승모",,
btob__eunkwang,BTOB,Eunkwang,"""비투비"" 은광",,
btob__minhyuk,BTOB,Minhyuk,"""비투비"" 민혁",비투비|이민혁,
btob__changsub,BTOB,Changsub,"""비투비"" 창섭",,
btob__hyunsik,BTOB,Hyunsik,"""비투비"" 현식",,
btob__peniel,BTOB,Peniel,"""비투비"" 프니엘",,
btob__sungjae,BTOB,Sungjae,"""비투비"" 성재",,
arrc__hyunmin,ARrC,Hyunmin,"""ARrC"" 현민",,
arrc__kien,ARrC,Kien,"""ARrC"" 끼엔",,
arrc__choi_han,ARrC,Choi Han,"""ARrC"" 최한",,
arrc__andy,ARrC,Andy,"""ARrC"" 앤디",,
arrc__rioto,ARrC,Rioto,"""ARrC"" 리오토",,
arrc__doha,ARrC,Doha,"""ARrC"" 도하",,
arrc__jibeen,ARrC,Jibeen,"""ARrC"" 지빈",,
daychild__siwoo,DAYCHILD,Siwoo,"""데이차일드"" 시우",,
daychild__intae,DAYCHILD,Intae,"""데이차일드"" 인태",,
daychild__k,DAYCHILD,K,"""데이차일드"" 케이",,
daychild__eden,DAYCHILD,Eden,"""데이차일드"" 이든",,
daychild__yejong,DAYCHILD,Yejong,"""데이차일드"" 예종",,
dragon_pony__an_taegyu,Dragon Pony,An Taegyu,"""드래곤포니"" 안태규",,
dragon_pony__pyun_sunghyun,Dragon Pony,Pyun Sunghyun,"""드래곤포니"" 편성현",,
dragon_pony__kwon_sehyuk,Dragon Pony,Kwon Sehyuk,"""드래곤포니"" 권세혁",,
dragon_pony__ko_ganghun,Dragon Pony,Ko Ganghun,"""드래곤포니"" 고강훈",,
nowz__hyeonbin,NOWZ,Hyeonbin,"""나우즈"" 현빈",,
nowz__yoon,NOWZ,Yoon,"""나우즈"" 윤",,
nowz__yeonwoo,NOWZ,Yeonwoo,"""나우즈"" 연우",,
nowz__jinhyuk,NOWZ,Jinhyuk,"""나우즈"" 진혁",,
nowz__siyun,NOWZ,Siyun,"""나우즈"" 시윤",,
waker__kohyeon,WAKER,Kohyeon,"""WAKER"" 고현",,
waker__kwon_hyeop,WAKER,Kwon Hyeop,"""WAKER"" 권협",,
waker__ijun,WAKER,Ijun,"""WAKER"" 이준",,
waker__leo,WAKER,Leo,"""WAKER"" 리오",,
waker__saebyeol,WAKER,Saebyeol,"""WAKER"" 새별",,
waker__sebum,WAKER,Sebum,"""WAKER"" 세범",,
cortis__martin,CORTIS,Martin,"""코르티스"" 마틴",,
cortis__james,CORTIS,James,"""코르티스"" 제임스",,
cortis__juhoon,CORTIS,Juhoon,"""코르티스"" 주훈",,
cortis__seonghyeon,CORTIS,Seonghyeon,"""코르티스"" 성현",,
cortis__keonho,CORTIS,Keonho,"""코르티스"" 건호",,
ahof__steven,AHOF,Steven,"""AHOF"" 스티븐",,
ahof__jeongwoo,AHOF,Jeongwoo,"""AHOF"" 정우",,
ahof__woongki,AHOF,Woongki,"""AHOF"" 웅기",,
ahof__shuaibo,AHOF,Shuaibo,"""AHOF"" 슈아이보",,
ahof__han,AHOF,Han,"""AHOF"" 한",,
ahof__jl,AHOF,JL,"""AHOF"" 제이엘",,
ahof__juwon,AHOF,Juwon,"""AHOF"" 주원",,
ahof__chih_en,AHOF,Chih En,"""AHOF"" 즈언",,
ahof__daisuke,AHOF,Daisuke,"""AHOF"" 다이스케",,
axmxp__ha_yoojoon,AxMxP,Ha Yoojoon,"""AxMxP"" 하유준",,
axmxp__cru,AxMxP,Cru,"""AxMxP"" 크루",,
axmxp__kim_shin,AxMxP,Kim Shin,"""AxMxP"" 김신",,
axmxp__juhwan,AxMxP,Juhwan,"""AxMxP"" 주환",,
be_boys__goohyun,BE BOYS,Goohyun,"""비보이즈"" 구현",,
be_boys__minjoon,BE BOYS,Minjoon,"""비보이즈"" 민준",,
be_boys__yunseo,BE BOYS,Yunseo,"""비보이즈"" 윤서",,
be_boys__hakseong,BE BOYS,Hakseong,"""비보이즈"" 학성",,
be_boys__takuma,BE BOYS,Takuma,"""비보이즈"" 타쿠마",,
be_boys__woncheon,BE BOYS,Woncheon,"""비보이즈"" 원천",,
close_your_eyes__jeon_minwook,CLOSE YOUR EYES,Jeon Minwook,"""클로즈유어아이즈"" 전민욱",,
close_your_eyes__jang_yeojun,CLOSE YOUR EYES,Jang Yeojun,"""클로즈유어아이즈"" 장여준",,
close_your_eyes__ma_jingxiang,CLOSE YOUR EYES,Ma Jingxiang,"""클로즈유어아이즈"" 마징시앙",,
close_your_eyes__kim_sungmin,CLOSE YOUR EYES,Kim Sungmin,"""클로즈유어아이즈"" 김성민",,
close_your_eyes__song_seungho,CLOSE YOUR EYES,Song Seungho,"""클로즈유어아이즈"" 송승호",,
close_your_eyes__kenshin,CLOSE YOUR EYES,Kenshin,"""클로즈유어아이즈"" 켄신",,
close_your_eyes__seo_kyoungbae,CLOSE YOUR EYES,Seo Kyoungbae,"""클로즈유어아이즈"" 서경배",,
idntt__nam_jiwoon,idntt,Nam JiWoon,"""idntt"" 남지운",,
idntt__kim_dohun,idntt,Kim DoHun,"""idntt"" 김도훈",,
idntt__lee_cheongmyeong,idntt,Lee CheongMyeong,"""idntt"" 이청명",,
idntt__choi_taein,idntt,Choi TaeIn,"""idntt"" 최태인",,
idntt__han_yejoon,idntt,Han YeJoon,"""idntt"" 한예준",,
idntt__towa,idntt,Towa,"""idntt"" 토와",,
idntt__kim_juho,idntt,Kim JuHo,"""idntt"" 김주호",,
idntt__kim_seongjun,idntt,Kim SeongJun,"""idntt"" 김성준",,
idntt__kim_heeju,idntt,Kim HeeJu,"""idntt"" 김희주",,
idntt__lee_jaeyoung,idntt,Lee JaeYoung,"""idntt"" 이재영",,
idntt__choi_gyeongbeen,idntt,Choi GyeongBeen,"""idntt"" 최경빈",,
idntt__park_nuri,idntt,Park NuRi,"""idntt"" 박누리",,
idntt__hwang_eunsoo,idntt,Hwang EunSoo,"""idntt"" 황은수",,
idntt__lee_hwanhee,idntt,Lee HwanHee,"""idntt"" 이환희",,
idntt__lee_kyuhyuk,idntt,Lee KyuHyuk,"""idntt"" 이규혁",,
newbeat__park_minseok,NEWBEAT,Park Minseok,"""뉴비트"" 박민석",,
newbeat__hong_minsung,NEWBEAT,Hong Minsung,"""뉴비트"" 홍민성",,
newbeat__jeon_yeoyeojeong,NEWBEAT,Jeon Yeoyeojeong,"""뉴비트"" 전여여정",,
newbeat__choi_seohyun,NEWBEAT,Choi Seohyun,"""뉴비트"" 최서현",,
newbeat__kim_taeyang,NEWBEAT,Kim Taeyang,"""뉴비트"" 김태양",,
newbeat__jo_yunhu,NEWBEAT,Jo Yunhu,"""뉴비트"" 조윤후",,
newbeat__kim_riwoo,NEWBEAT,Kim Riwoo,"""뉴비트"" 김리우",,
nouera__gihyeon,NouerA,Gihyeon,"""누에라"" 기현",,
nouera__junpyo,NouerA,Junpyo,"""누에라"" 준표",,
nouera__hyunjun,NouerA,Hyunjun,"""누에라"" 현준",,
nouera__yuseop,NouerA,Yuseop,"""누에라"" 유섭",,
nouera__lin,NouerA,Lin,"""누에라"" 린",,
nouera__fan,NouerA,Fan,"""누에라"" 판",,
nouera__miraku,NouerA,Miraku,"""누에라"" 미라쿠",,
polarix__pentor,POLARIX,Pentor,"""폴라릭스"" 펜떠",,
polarix__hangyul,POLARIX,Hangyul,"""폴라릭스"" 한결",,
polarix__lee_junhyuk,POLARIX,Lee Junhyuk,"""폴라릭스"" 이준혁",,
polarix__xu_shihuan,POLARIX,Xu Shihuan,"""폴라릭스"" 허세환",,
polarix__yang_donghwa,POLARIX,Yang Donghwa,"""폴라릭스"" 양동화",,
polarix__lee_daeul,POLARIX,Lee Daeul,"""폴라릭스"" 이다을",,
polarix__zai,POLARIX,Zai,"""폴라릭스"" 자이",,
polarix__shao_ziheng,POLARIX,Shao Ziheng,"""폴라릭스"" 샤오쯔헝",,
polarix__xin_che,POLARIX,Xin Che,"""폴라릭스"" 신처",,
xlov__wumuti,XLOV,Wumuti,"""XLOV"" 우무티",,
xlov__rui,XLOV,Rui,"""XLOV"" 루이",,
xlov__hyun,XLOV,Hyun,"""XLOV"" 현",,
xlov__haru,XLOV,Haru,"""XLOV"" 하루",,
alpha_drive_one__junseo,ALPHA DRIVE ONE,Junseo,"""알파드라이브원"" 준서",,
alpha_drive_one__arno,ALPHA DRIVE ONE,Arno,"""알파드라이브원"" 아르노",,
alpha_drive_one__leo,ALPHA DRIVE ONE,Leo,"""알파드라이브원"" 리오",,
alpha_drive_one__geonwoo,ALPHA DRIVE ONE,Geonwoo,"""알파드라이브원"" 건우",,
alpha_drive_one__sangwon,ALPHA DRIVE ONE,Sangwon,"""알파드라이브원"" 상원",,
alpha_drive_one__xinlong,ALPHA DRIVE ONE,Xinlong,"""알파드라이브원"" 씬롱",,
alpha_drive_one__anxin,ALPHA DRIVE ONE,Anxin,"""알파드라이브원"" 안신",,
alpha_drive_one__sanghyeon,ALPHA DRIVE ONE,Sanghyeon,"""알파드라이브원"" 상현",,
adap__junseok,ADAP,Junseok,"""ADAP"" 준석",,ATBO|오준석
adap__hyotae,ADAP,Hyotae,"""ADAP"" 효태",,
adap__jaeyoung,ADAP,Jaeyoung,"""ADAP"" 재영",,NCT|Golden Child
adap__dowon,ADAP,Dowon,"""ADAP"" 도원",,
adap__jongho,ADAP,Jongho,"""ADAP"" 종호",,ATBO
adap__hyunsung,ADAP,Hyunsung,"""ADAP"" 현성",,SEVENTEEN|ZEROBASEONE
and2ble__zhang_hao,AND2BLE,Zhang Hao,"""앤더블"" 장하오",,
and2ble__ricky,AND2BLE,Ricky,"""앤더블"" 리키",,
and2ble__kim_gyuvin,AND2BLE,Kim Gyuvin,"""앤더블"" 김규빈",,
and2ble__han_yujin,AND2BLE,Han Yujin,"""앤더블"" 한유진",,
and2ble__yoo_seungeon,AND2BLE,Yoo Seungeon,"""앤더블"" 유승언",,
daily_direction__en_kim,DAILY:DIRECTION,EN-KIM,"""데일리디렉션"" 엔킴",,
daily_direction__kim_joohyoung,DAILY:DIRECTION,Kim Joohyoung,"""데일리디렉션"" 김주형",,
daily_direction__lim_jihwan,DAILY:DIRECTION,Lim Jihwan,"""데일리디렉션"" 임지환",,
daily_direction__e_van,DAILY:DIRECTION,E-VAN,"""데일리디렉션"" 이반",,
daily_direction__lee_wonwoo,DAILY:DIRECTION,Lee Wonwoo,"""데일리디렉션"" 이원우",,
daily_direction__jang_yoonseok,DAILY:DIRECTION,Jang Yoonseok,"""데일리디렉션"" 장윤석",,
hrtz_wav__youn_youngjun,hrtz.wav,Youn Youngjun,"""hrtz.wav"" 윤영준",,
hrtz_wav__riaan,hrtz.wav,Riaan,"""hrtz.wav"" 리안",,
hrtz_wav__dane,hrtz.wav,Dane,"""hrtz.wav"" 데인",,
hrtz_wav__keiten,hrtz.wav,Keiten,"""hrtz.wav"" 케이텐",,
vayonn__sen,VAYONN,Sen,"""베이온"" 센",,
vayonn__masato,VAYONN,Masato,"""베이온"" 마사토",,
vayonn__teru,VAYONN,Teru,"""베이온"" 테루",,
vayonn__peng_jinyu,VAYONN,Peng Jinyu,"""베이온"" 펑진위",,
vayonn__sun_jiayang,VAYONN,Sun Jiayang,"""베이온"" 쑨지아양",,
vayonn__mano,VAYONN,Mano,"""베이온"" 마노",,
lngshot__ohyul,LNGSHOT,Ohyul,"""LNGSHOT"" 오율",,
lngshot__ryul,LNGSHOT,Ryul,"""LNGSHOT"" 률",,
lngshot__woojin,LNGSHOT,Woojin,"""LNGSHOT"" 우진",,
lngshot__louis,LNGSHOT,Louis,"""LNGSHOT"" 루이",,
modyssey__hengyu,MODYSSEY,Hengyu,"""MODYSSEY"" 헝위",,
modyssey__yichen,MODYSSEY,Yichen,"""MODYSSEY"" 이첸",,
modyssey__rowan,MODYSSEY,Rowan,"""MODYSSEY"" 로완",,
modyssey__lynnlynn,MODYSSEY,LynnLynn,"""MODYSSEY"" 린린",,
modyssey__li_zihao,MODYSSEY,Li Zihao,"""MODYSSEY"" 리즈하오",,
modyssey__suren,MODYSSEY,Suren,"""MODYSSEY"" 수런",,
modyssey__fan_zheyi,MODYSSEY,Fan Zheyi,"""MODYSSEY"" 판저이",,
naze__ato,NAZE,Ato,"""NAZE"" 아토",,
naze__kaisei,NAZE,Kaisei,"""NAZE"" 카이세이",,
naze__younki,NAZE,Younki,"""NAZE"" 윤기",,
naze__turn,NAZE,Turn,"""NAZE"" 턴",,
naze__yuya,NAZE,Yuya,"""NAZE"" 유야",,
naze__kimkun,NAZE,Kimkun,"""NAZE"" 김건",,
naze__dohyeok,NAZE,Dohyeok,"""NAZE"" 도혁",,
nxd__jaemin,NXD,Jaemin,"""NXD"" 재민",,
nxd__hyeonggeun,NXD,Hyeonggeun,"""NXD"" 형근",,
nxd__daehyun,NXD,Daehyun,"""NXD"" 대현",,
yuhz__bohyeon,YUHZ,Bohyeon,"""YUHZ"" 보현",,
yuhz__hyo,YUHZ,Hyo,"""YUHZ"" 효",,
yuhz__haruto,YUHZ,Haruto,"""YUHZ"" 하루토",,
yuhz__junseong,YUHZ,Junseong,"""YUHZ"" 준성",,
yuhz__jaeil,YUHZ,Jaeil,"""YUHZ"" 재일",,
yuhz__kai,YUHZ,Kai,"""YUHZ"" 카이",,
yuhz__yeontae,YUHZ,Yeontae,"""YUHZ"" 연태",,
yuhz__sechan,YUHZ,Sechan,"""YUHZ"" 세찬",,
the_ssyndrome__seok_junho,THE SSYNDROME,Seok Junho,"""더씬드롬"" 석준호",,
the_ssyndrome__yang_heegyo,THE SSYNDROME,Yang Heegyo,"""더씬드롬"" 양희교",,
the_ssyndrome__do_minkyu,THE SSYNDROME,Do Minkyu,"""더씬드롬"" 도민규",,
the_ssyndrome__jung_jiyeong,THE SSYNDROME,Jung Jiyeong,"""더씬드롬"" 정지영",,
the_ssyndrome__shin_sei,THE SSYNDROME,Shin Sei,"""더씬드롬"" 신세이",,
niziu__mako,NiziU,Mako,"""NiziU"" 마코",,
niziu__rio,NiziU,Rio,"""NiziU"" 리오",,
niziu__maya,NiziU,Maya,"""NiziU"" 마야",,
niziu__riku,NiziU,Riku,"""NiziU"" 리쿠",,
niziu__ayaka,NiziU,Ayaka,"""NiziU"" 아야카",,
niziu__mayuka,NiziU,Mayuka,"""NiziU"" 마유카",,
niziu__rima,NiziU,Rima,"""NiziU"" 리마",,
niziu__miihi,NiziU,Miihi,"""NiziU"" 미이히",,
niziu__nina,NiziU,Nina,"""NiziU"" 니나",,
stayc__sumin,STAYC,Sumin,"""STAYC"" 수민",,
stayc__sieun,STAYC,Sieun,"""STAYC"" 시은",,
stayc__isa,STAYC,Isa,"""STAYC"" 아이사",,
stayc__seeun,STAYC,Seeun,"""STAYC"" 세은",,
stayc__yoon,STAYC,Yoon,"""STAYC"" 윤",,
stayc__j,STAYC,J,"""STAYC"" 재이",,
fifty_fifty__keena,FIFTY FIFTY,Keena,"""FIFTY FIFTY"" 키나",,
fifty_fifty__yewon,FIFTY FIFTY,Yewon,"""FIFTY FIFTY"" 예원",,
fifty_fifty__hana,FIFTY FIFTY,Hana,"""FIFTY FIFTY"" 하나",,
fifty_fifty__athena,FIFTY FIFTY,Athena,"""FIFTY FIFTY"" 아테나",,
fifty_fifty__saena,FIFTY FIFTY,Saena,"""FIFTY FIFTY"" 새나",,
fifty_fifty__sio,FIFTY FIFTY,Sio,"""FIFTY FIFTY"" 시오",,
fifty_fifty__aran,FIFTY FIFTY,Aran,"""FIFTY FIFTY"" 아란",,
h1_key__seoi,H1-KEY,Seoi,"""H1-KEY"" 서이",,
h1_key__riina,H1-KEY,Riina,"""H1-KEY"" 리이나",,
h1_key__hwiseo,H1-KEY,Hwiseo,"""H1-KEY"" 휘서",,
h1_key__yel,H1-KEY,Yel,"""H1-KEY"" 옐",,
h1_key__sitala,H1-KEY,Sitala,"""H1-KEY"" 시탈라",,
kep1er__yujin,Kep1er,Yujin,"""Kep1er"" 유진",,
kep1er__xiaoting,Kep1er,Xiaoting,"""Kep1er"" 샤오팅",,
kep1er__chaehyun,Kep1er,Chaehyun,"""Kep1er"" 채현",,
kep1er__dayeon,Kep1er,Dayeon,"""Kep1er"" 다연",,
kep1er__hikaru,Kep1er,Hikaru,"""Kep1er"" 히카루",,
kep1er__huening_bahiyyih,Kep1er,Huening Bahiyyih,"""Kep1er"" 휴닝바히에",,
kep1er__youngeun,Kep1er,Youngeun,"""Kep1er"" 영은",,
kep1er__mashiro,Kep1er,Mashiro,"""Kep1er"" 마시로",,
kep1er__yeseo,Kep1er,Yeseo,"""Kep1er"" 예서",,
viviz__eunha,VIVIZ,Eunha,"""VIVIZ"" 은하",,
viviz__sinb,VIVIZ,SinB,"""VIVIZ"" 신비",,
viviz__umji,VIVIZ,Umji,"""VIVIZ"" 엄지",,
kiss_of_life__julie,KISS OF LIFE,Julie,"""KISS OF LIFE"" 쥴리",,
kiss_of_life__natty,KISS OF LIFE,Natty,"""KISS OF LIFE"" 나띠",,
kiss_of_life__belle,KISS OF LIFE,Belle,"""KISS OF LIFE"" 벨",,
kiss_of_life__haneul,KISS OF LIFE,Haneul,"""KISS OF LIFE"" 하늘",,
qwer__chodan,QWER,Chodan,"""QWER"" 쵸단",,
qwer__magenta,QWER,Magenta,"""QWER"" 마젠타",,
qwer__siyeon,QWER,Siyeon,"""QWER"" 시연",,
qwer__hina,QWER,Hina,"""QWER"" 히나",,
artms__jinsoul,ARTMS,JinSoul,"""ARTMS"" 진솔",,
artms__kim_lip,ARTMS,Kim Lip,"""ARTMS"" 김립",,
artms__choerry,ARTMS,Choerry,"""ARTMS"" 최리",,
artms__haseul,ARTMS,HaSeul,"""ARTMS"" 하슬",,
illit__yunah,ILLIT,Yunah,"""ILLIT"" 윤아",,
illit__minju,ILLIT,Minju,"""ILLIT"" 민주",,
illit__moka,ILLIT,Moka,"""ILLIT"" 모카",,
illit__wonhee,ILLIT,Wonhee,"""ILLIT"" 원희",,
illit__iroha,ILLIT,Iroha,"""ILLIT"" 이로하",,
meovv__sooin,MEOVV,Sooin,"""MEOVV"" 수인",,
meovv__gawon,MEOVV,Gawon,"""MEOVV"" 가원",,
meovv__anna,MEOVV,Anna,"""MEOVV"" 안나",,
meovv__narin,MEOVV,Narin,"""MEOVV"" 나린",,
meovv__ella,MEOVV,Ella,"""MEOVV"" 엘라",,
izna__mai,izna,Mai,"""izna"" 마이",,
izna__koko,izna,Koko,"""izna"" 코코",,
rescene__woni,RESCENE,Woni,"""RESCENE"" 원이",,
rescene__liv,RESCENE,Liv,"""RESCENE"" 리브",,
rescene__minami,RESCENE,Minami,"""RESCENE"" 미나미",,
rescene__may,RESCENE,May,"""RESCENE"" 메이",,
rescene__zena,RESCENE,Zena,"""RESCENE"" 제나",,
say_my_name__hitomi,SAY MY NAME,Hitomi,"""SAY MY NAME"" 히토미",,
say_my_name__shuie,SAY MY NAME,Shuie,"""SAY MY NAME"" 슈이",,
say_my_name__mei,SAY MY NAME,Mei,"""SAY MY NAME"" 메이",,
say_my_name__kanny,SAY MY NAME,Kanny,"""SAY MY NAME"" 카니",,
say_my_name__soha,SAY MY NAME,Soha,"""SAY MY NAME"" 소하",,
say_my_name__dohee,SAY MY NAME,Dohee,"""SAY MY NAME"" 도희",,
say_my_name__junhwi,SAY MY NAME,Junhwi,"""SAY MY NAME"" 준휘",,
say_my_name__seungjoo,SAY MY NAME,Seungjoo,"""SAY MY NAME"" 승주",,
hearts2hearts__jiwoo,Hearts2Hearts,Jiwoo,"""Hearts2Hearts"" 지우",,
hearts2hearts__carmen,Hearts2Hearts,Carmen,"""Hearts2Hearts"" 카르멘",,
hearts2hearts__yuha,Hearts2Hearts,Yuha,"""Hearts2Hearts"" 유하",,
hearts2hearts__stella,Hearts2Hearts,Stella,"""Hearts2Hearts"" 스텔라",,
hearts2hearts__juun,Hearts2Hearts,Juun,"""Hearts2Hearts"" 주은",,
hearts2hearts__a_na,Hearts2Hearts,A-na,"""Hearts2Hearts"" 에이나",,
hearts2hearts__ian,Hearts2Hearts,Ian,"""Hearts2Hearts"" 이안",,
hearts2hearts__ye_on,Hearts2Hearts,Ye-on,"""Hearts2Hearts"" 예온",,
kiiikiii__jiyu,KiiiKiii,Jiyu,"""KiiiKiii"" 지유",,
kiiikiii__leesol,KiiiKiii,Leesol,"""KiiiKiii"" 이솔",,
kiiikiii__sui,KiiiKiii,Sui,"""KiiiKiii"" 수이",,
kiiikiii__haum,KiiiKiii,Haum,"""KiiiKiii"" 하음",,
kiiikiii__kya,KiiiKiii,Kya,"""KiiiKiii"" 키야",,
katseye__yoonchae,KATSEYE,Yoonchae,"""KATSEYE"" 윤채",,
xg__jurin,XG,Jurin,"""XG"" 주린",,
xg__chisa,XG,Chisa,"""XG"" 치사",,
xg__hinata,XG,Hinata,"""XG"" 히나타",,
xg__harvey,XG,Harvey,"""XG"" 하비",,
xg__juria,XG,Juria,"""XG"" 쥬리아",,
xg__maya,XG,Maya,"""XG"" 마야",,
xg__cocona,XG,Cocona,"""XG"" 코코나",,
withus__janghyeon,withus,Janghyeon,"""withus"" 장현",,
withus__rak,withus,Rak,"""withus"" 락",,
withus__junyeop,withus,Junyeop,"""withus"" 준엽",,
withus__hwanrok,withus,Hwanrok,"""withus"" 환록",,
withus__junhyeok,withus,Junhyeok,"""withus"" 준혁",,
2f__nirai,2F,Nirai,"""2F"" 니라이",,
aimers__seunghyun,AIMERS,Seunghyun,"""AIMERS"" 승현",,
aimers__eunjun,AIMERS,Eunjun,"""AIMERS"" 은준",,
aimers__doryun,AIMERS,Doryun,"""AIMERS"" 도륜",,
aimers__yoel,AIMERS,Yoel,"""AIMERS"" 요엘",,
aimers__seunghwan,AIMERS,Seunghwan,"""AIMERS"" 승환",,
aimers__wooyoung,AIMERS,Wooyoung,"""AIMERS"" 우영",,
jwiiver__rihan,JWiiver,Rihan,"""JWiiver"" 리한",,
jwiiver__chae_gaho,JWiiver,Chae Gaho,"""JWiiver"" 채가호",,
jwiiver__gabin,JWiiver,Gabin,"""JWiiver"" 가빈",,
jwiiver__jukang,JWiiver,Jukang,"""JWiiver"" 주강",,
vi_enx__jn,VI'ENX,JN,"""VI'ENX"" 제이엔",,
vi_enx__yeung,VI'ENX,Yeung,"""VI'ENX"" 예웅",,
vi_enx__younghoon,VI'ENX,Younghoon,"""VI'ENX"" 영훈",,
vi_enx__wonjin,VI'ENX,Wonjin,"""VI'ENX"" 원진",,
vi_enx__uin,VI'ENX,Uin,"""VI'ENX"" 유인",,
b_d_u__bitsaeon,B.D.U,Bitsaeon,"""B.D.U"" 빛새온",,
b_d_u__seunghun,B.D.U,Seunghun,"""B.D.U"" 승훈",,
b_d_u__jay_chang,B.D.U,Jay Chang,"""B.D.U"" 제이창",,
b_d_u__kim_minseo,B.D.U,Kim Minseo,"""B.D.U"" 김민서",,
vay_onn__sen,VAY ONN,Sen,"""VAY ONN"" 센",,
vay_onn__masato,VAY ONN,Masato,"""VAY ONN"" 마사토",,
vay_onn__sun_jiayang,VAY ONN,Sun Jiayang,"""VAY ONN"" 쑨지아양",,
vay_onn__peng_jinyu,VAY ONN,Peng Jinyu,"""VAY ONN"" 펑진위",,
vay_onn__teru,VAY ONN,Teru,"""VAY ONN"" 테루",,
vay_onn__mano,VAY ONN,Mano,"""VAY ONN"" 마노",,
nxmercy__siu,NXMERCY,Siu,"""NXMERCY"" 시우",,
nxmercy__hawoon,NXMERCY,Hawoon,"""NXMERCY"" 하운",,
nxmercy__youn,NXMERCY,Youn,"""NXMERCY"" 윤",,
nxmercy__woojoo,NXMERCY,Woojoo,"""NXMERCY"" 우주",,
craxy__wooah,CRAXY,Wooah,"""CRAXY"" 우아",,
craxy__karin,CRAXY,Karin,"""CRAXY"" 카린",,
craxy__hyejin,CRAXY,Hyejin,"""CRAXY"" 혜진",,
craxy__swan,CRAXY,Swan,"""CRAXY"" 수안",,
craxy__chaey,CRAXY,ChaeY,"""CRAXY"" 채이",,
secret_number__zuu,SECRET NUMBER,Zuu,"""SECRET NUMBER"" 주",,
secret_number__navi,SECRET NUMBER,Navi,"""SECRET NUMBER"" 나비",,
secret_number__dinda,SECRET NUMBER,Dinda,"""SECRET NUMBER"" 딘다",,
secret_number__ebin,SECRET NUMBER,Ebin,"""SECRET NUMBER"" 에빈",,
secret_number__min_c,SECRET NUMBER,Min C,"""SECRET NUMBER"" 민씨",,
secret_number__denise,SECRET NUMBER,Denise,"""SECRET NUMBER"" 데니스",,
secret_number__dita,SECRET NUMBER,Dita,"""SECRET NUMBER"" 디타",,
secret_number__jinny,SECRET NUMBER,Jinny,"""SECRET NUMBER"" 진희",,
secret_number__minji,SECRET NUMBER,Minji,"""SECRET NUMBER"" 민지",,
secret_number__soodam,SECRET NUMBER,Soodam,"""SECRET NUMBER"" 수담",,
wooah__nana,WOOAH,Nana,"""WOOAH"" 나나",,
wooah__wooyeon,WOOAH,Wooyeon,"""WOOAH"" 우연",,
wooah__sora,WOOAH,Sora,"""WOOAH"" 소라",,
wooah__lucy,WOOAH,Lucy,"""WOOAH"" 루시",,
wooah__minseo,WOOAH,Minseo,"""WOOAH"" 민서",,
wooah__songyee,WOOAH,Songyee,"""WOOAH"" 송이",,
billlie__moon_sua,Billlie,Moon Sua,"""Billlie"" 문수아",,
billlie__suhyeon,Billlie,Suhyeon,"""Billlie"" 수현",,
billlie__haram,Billlie,Haram,"""Billlie"" 하람",,
billlie__sheon,Billlie,Sheon,"""Billlie"" 션",,
billlie__siyoon,Billlie,Siyoon,"""Billlie"" 시윤",,
billlie__haruna,Billlie,Haruna,"""Billlie"" 하루나",,
ichillin__e_ji,ICHILLIN',E.JI,"""ICHILLIN'"" 이지",,
ichillin__jiyoon,ICHILLIN',Jiyoon,"""ICHILLIN'"" 지윤",,
ichillin__jackie,ICHILLIN',Jackie,"""ICHILLIN'"" 재키",,
ichillin__joonie,ICHILLIN',Joonie,"""ICHILLIN'"" 주니",,
ichillin__chaerin,ICHILLIN',Chaerin,"""ICHILLIN'"" 채린",,
ichillin__yeju,ICHILLIN',Yeju,"""ICHILLIN'"" 예주",,
ichillin__chowon,ICHILLIN',Chowon,"""ICHILLIN'"" 초원",,
ichillin__sohee,ICHILLIN',Sohee,"""ICHILLIN'"" 소희",,
lightsum__sangah,LIGHTSUM,Sangah,"""라잇썸"" 상아",,
lightsum__chowon,LIGHTSUM,Chowon,"""라잇썸"" 초원",,
lightsum__nayoung,LIGHTSUM,Nayoung,"""라잇썸"" 나영",,
lightsum__hina,LIGHTSUM,Hina,"""라잇썸"" 히나",,
lightsum__juhyeon,LIGHTSUM,Juhyeon,"""라잇썸"" 주현",,
lightsum__yujeong,LIGHTSUM,Yujeong,"""라잇썸"" 유정",,
lightsum__huiyeon,LIGHTSUM,Huiyeon,"""라잇썸"" 희연",,
lightsum__jian,LIGHTSUM,Jian,"""라잇썸"" 지안",,
rocking_doll__roa,Rocking doll,Roa,"""Rocking doll"" 로아",,
rocking_doll__juri,Rocking doll,Juri,"""Rocking doll"" 주리",,
rocking_doll__ahri,Rocking doll,Ahri,"""Rocking doll"" 아리",,
rocking_doll__rena,Rocking doll,Rena,"""Rocking doll"" 레나",,
triples__mayu,tripleS,Mayu,"""tripleS"" 마유",,
triples__xinyu,tripleS,Xinyu,"""tripleS"" 신위",,
triples__nien,tripleS,Nien,"""tripleS"" 니엔",,
triples__jiyeon,tripleS,JiYeon,"""tripleS"" 지연",,
triples__kotone,tripleS,Kotone,"""tripleS"" 코토네",,
triples__kaede,tripleS,Kaede,"""tripleS"" 카에데",,
triples__lynn,tripleS,Lynn,"""tripleS"" 린",,
triples__sullin,tripleS,Sullin,"""tripleS"" 설린",,
triples__joobin,tripleS,JooBin,"""tripleS"" 주빈",,
triples__seoah,tripleS,SeoAh,"""tripleS"" 서아",,
class_y__hyeju,CLASS:y,Hyeju,"""CLASS:y"" 혜주",,
class_y__hyungseo,CLASS:y,Hyungseo,"""CLASS:y"" 형서",,
class_y__chaewon,CLASS:y,Chaewon,"""CLASS:y"" 채원",,
class_y__riwon,CLASS:y,Riwon,"""CLASS:y"" 리원",,
class_y__boeun,CLASS:y,Boeun,"""CLASS:y"" 보은",,
class_y__seonyou,CLASS:y,Seonyou,"""CLASS:y"" 선유",,
prikil__rin,PRIKIL,Rin,"""PRIKIL"" 린",,
prikil__yukino,PRIKIL,Yukino,"""PRIKIL"" 유키노",,
prikil__nana,PRIKIL,Nana,"""PRIKIL"" 나나",,
prikil__uta,PRIKIL,Uta,"""PRIKIL"" 우타",,
prikil__rinko,PRIKIL,Rinko,"""PRIKIL"" 린코",,
mimiirose__yeonjae,MIMIIROSE,Yeonjae,"""미미로즈"" 연재",,
mimiirose__hyori,MIMIIROSE,Hyori,"""미미로즈"" 효리",,
mimiirose__yewon,MIMIIROSE,Yewon,"""미미로즈"" 예원",,
mimiirose__jia,MIMIIROSE,Jia,"""미미로즈"" 지아",,
mimiirose__anna,MIMIIROSE,Anna,"""미미로즈"" 안나",,
mimiirose__yunju,MIMIIROSE,Yunju,"""미미로즈"" 윤주",,
mimiirose__yerin,MIMIIROSE,Yerin,"""미미로즈"" 예린",,
limelight__miu,LIMELIGHT,MiU,"""LIMELIGHT"" 미유",,
limelight__suhye,LIMELIGHT,Suhye,"""LIMELIGHT"" 수혜",,
limelight__gaeun,LIMELIGHT,Gaeun,"""LIMELIGHT"" 가은",,
queenz_eye__wonchae,Queenz Eye,Wonchae,"""Queenz Eye"" 원채",,
queenz_eye__ahyoon,Queenz Eye,Ahyoon,"""Queenz Eye"" 아윤",,
queenz_eye__kiirii,Queenz Eye,Kiirii,"""Queenz Eye"" 키리",,
queenz_eye__seovin,Queenz Eye,Seovin,"""Queenz Eye"" 서빈",,
queenz_eye__jinyul,Queenz Eye,Jinyul,"""Queenz Eye"" 진율",,
queenz_eye__seoha,Queenz Eye,Seoha,"""Queenz Eye"" 서하",,
queenz_eye__hannah,Queenz Eye,Hannah,"""Queenz Eye"" 해나",,
queenz_eye__narin,Queenz Eye,Narin,"""Queenz Eye"" 나린",,
queenz_eye__damin,Queenz Eye,Damin,"""Queenz Eye"" 다민",,
queenz_eye__jenna,Queenz Eye,Jenna,"""Queenz Eye"" 제나",,
we_na__doa,We;Na,DoA,"""We;Na"" 도아",,
we_na__harang,We;Na,Harang,"""We;Na"" 하랑",,
we_na__seungwon,We;Na,Seungwon,"""We;Na"" 승원",,
we_na__euna,We;Na,EunA,"""We;Na"" 은아",,
we_na__eun_oal,We;Na,Eun Oal,"""We;Na"" 은오알",,
we_na__yeonseo,We;Na,Yeonseo,"""We;Na"" 연서",,
babymonster__ruka,BABYMONSTER,Ruka,"""BABYMONSTER"" 루카",,
babymonster__pharita,BABYMONSTER,Pharita,"""BABYMONSTER"" 파리타",,
babymonster__asa,BABYMONSTER,Asa,"""BABYMONSTER"" 아사",,
babymonster__ahyeon,BABYMONSTER,Ahyeon,"""BABYMONSTER"" 아현",,
babymonster__rora,BABYMONSTER,Rora,"""BABYMONSTER"" 로라",,
babymonster__chiquita,BABYMONSTER,Chiquita,"""BABYMONSTER"" 치키타",,
babymonster__rami,BABYMONSTER,Rami,"""BABYMONSTER"" 라미",,
adya__yeonsu,ADYA,Yeonsu,"""ADYA"" 연수",,
adya__seowon,ADYA,Seowon,"""ADYA"" 서원",,
adya__sena,ADYA,Sena,"""ADYA"" 세나",,
adya__chaeeun,ADYA,Chaeeun,"""ADYA"" 채은",,
adya__seungchae,ADYA,Seungchae,"""ADYA"" 승채",,
el7z_up__yeoreum,EL7Z UP,Yeoreum,"""EL7Z UP"" 여름",,
el7z_up__kei,EL7Z UP,Kei,"""EL7Z UP"" 케이",,
el7z_up__yeeun,EL7Z UP,Yeeun,"""EL7Z UP"" 예은",,
el7z_up__yeonhee,EL7Z UP,Yeonhee,"""EL7Z UP"" 연희",,
el7z_up__nana,EL7Z UP,Nana,"""EL7Z UP"" 나나",,
el7z_up__hwiseo,EL7Z UP,Hwiseo,"""EL7Z UP"" 휘서",,
el7z_up__yuki,EL7Z UP,Yuki,"""EL7Z UP"" 유키",,
x_in__e_sha,X:IN,E.sha,"""X:IN"" 이샤",,
x_in__nizz,X:IN,Nizz,"""X:IN"" 니즈",,
x_in__nova,X:IN,Nova,"""X:IN"" 노바",,
x_in__hannah,X:IN,Hannah,"""X:IN"" 한나",,
x_in__aria,X:IN,Aria,"""X:IN"" 아리아",,
x_in__chi_u,X:IN,Chi.U,"""X:IN"" 치유",,
x_in__j_day,X:IN,J-DAY,"""X:IN"" 재이데이",,
young_posse__sunhye,YOUNG POSSE,Sunhye,"""YOUNG POSSE"" 선혜",,
young_posse__yeonjung,YOUNG POSSE,Yeonjung,"""YOUNG POSSE"" 연정",,
young_posse__jiana,YOUNG POSSE,Jiana,"""YOUNG POSSE"" 지아나",,
young_posse__doeun,YOUNG POSSE,Doeun,"""YOUNG POSSE"" 도은",,
young_posse__jieun,YOUNG POSSE,Jieun,"""YOUNG POSSE"" 지은",,
badvillain__chloe_young,BADVILLAIN,Chloe Young,"""BADVILLAIN"" 클로이영",,
badvillain__emma,BADVILLAIN,Emma,"""BADVILLAIN"" 엠마",,
badvillain__ina,BADVILLAIN,INA,"""BADVILLAIN"" 이나",,
badvillain__yunseo,BADVILLAIN,YunSeo,"""BADVILLAIN"" 윤서",,
badvillain__vin,BADVILLAIN,Vin,"""BADVILLAIN"" 빈",,
badvillain__kelly,BADVILLAIN,Kelly,"""BADVILLAIN"" 켈리",,
bewave__yunseul,BEWAVE,Yunseul,"""BEWAVE"" 윤슬",,
bewave__jiun,BEWAVE,Jiun,"""BEWAVE"" 지언",,
bewave__lena,BEWAVE,Lena,"""BEWAVE"" 레나",,
bewave__zena,BEWAVE,Zena,"""BEWAVE"" 제나",,
bewave__ain,BEWAVE,Ain,"""BEWAVE"" 아인",,
bewave__gowoon,BEWAVE,Gowoon,"""BEWAVE"" 고운",,
candy_shop__soram,Candy Shop,Soram,"""Candy Shop"" 소람",,
candy_shop__sui,Candy Shop,Sui,"""Candy Shop"" 수이",,
candy_shop__sarang,Candy Shop,Sarang,"""Candy Shop"" 사랑",,
candy_shop__julia,Candy Shop,Julia,"""Candy Shop"" 줄리아",,
candy_shop__yuina,Candy Shop,Yuina,"""Candy Shop"" 유이나",,
geenius__yeyoung,Geenius,Yeyoung,"""지니어스"" 예영",,
geenius__sion,Geenius,Sion,"""지니어스"" 시온",,
madein__mashiro,MADEIN,Mashiro,"""MADEIN"" 마시로",,
madein__miu,MADEIN,MiU,"""MADEIN"" 미유",,
madein__gaeun,MADEIN,Gaeun,"""MADEIN"" 가은",,
madein__suhye,MADEIN,Suhye,"""MADEIN"" 수혜",,
madein__yeseo,MADEIN,Yeseo,"""MADEIN"" 예서",,
odd_youth__maika,ODD YOUTH,Maika,"""ODD YOUTH"" 마이카",,
odd_youth__myah,ODD YOUTH,Myah,"""ODD YOUTH"" 마야",,
odd_youth__kanie,ODD YOUTH,Kanie,"""ODD YOUTH"" 카니",,
odd_youth__summer,ODD YOUTH,Summer,"""ODD YOUTH"" 써머",,
odd_youth__yeeum,ODD YOUTH,Yeeum,"""ODD YOUTH"" 예음",,
vcha__lexi,VCHA,Lexi,"""VCHA"" 렉시",,
vcha__camila,VCHA,Camila,"""VCHA"" 카밀라",,
vcha__kendall,VCHA,Kendall,"""VCHA"" 켄달",,
vcha__savanna,VCHA,Savanna,"""VCHA"" 사바나",,
vcha__kg,VCHA,KG,"""VCHA"" 케이지",,
vcha__kaylee,VCHA,Kaylee,"""VCHA"" 케일리",,
vvup__kim,VVUP,Kim,"""VVUP"" 킴",,
vvup__paan,VVUP,Paan,"""VVUP"" 팬",,
vvup__suyeon,VVUP,Suyeon,"""VVUP"" 수연",,
vvup__jiyoon,VVUP,Jiyoon,"""VVUP"" 지윤",,
vvup__hyunny,VVUP,Hyunny,"""VVUP"" 현희",,
atheart__arin,AtHeart,Arin,"""AtHeart"" 아린",,
atheart__katelyn,AtHeart,Katelyn,"""AtHeart"" 케이틀린",,
atheart__bome,AtHeart,Bome,"""AtHeart"" 봄",,
atheart__seohyeon,AtHeart,Seohyeon,"""AtHeart"" 서현",,
atheart__nahyun,AtHeart,Nahyun,"""AtHeart"" 나현",,
atheart__aurora,AtHeart,Aurora,"""AtHeart"" 아우로라",,
atheart__sorin,AtHeart,Sorin,"""AtHeart"" 소린",,
baby_dont_cry__yihyun,Baby DONT Cry,Yihyun,"""Baby DONT Cry"" 이현",,
baby_dont_cry__kumi,Baby DONT Cry,Kumi,"""Baby DONT Cry"" 쿠미",,
baby_dont_cry__mia,Baby DONT Cry,Mia,"""Baby DONT Cry"" 미아",,
baby_dont_cry__beni,Baby DONT Cry,Beni,"""Baby DONT Cry"" 베니",,
iii__soobin,iii,Soobin,"""iii"" 수빈",,
iii__taeri,iii,Taeri,"""iii"" 태리",,
iii__hana,iii,Hana,"""iii"" 하나",,
iii__eungi,iii,Eungi,"""iii"" 은기",,
iii__namkhing,iii,Namkhing,"""iii"" 남킹",,
iii__huran,iii,Huran,"""iii"" 후란",,
iii__evie,iii,Evie,"""iii"" 이비",,
iii__ahra,iii,Ahra,"""iii"" 아라",,
iii__nicole,iii,Nicole,"""iii"" 니콜",,
iii__yan,iii,Yan,"""iii"" 얀",,
iii__vivi,iii,Vivi,"""iii"" 비비",,
kiiras__lingling,KIIRAS,LingLing,"""키라스"" 링링",,
kiiras__kurumi,KIIRAS,Kurumi,"""키라스"" 쿠루미",,
kiiras__harin,KIIRAS,Harin,"""키라스"" 하린",,
kiiras__kylie,KIIRAS,Kylie,"""키라스"" 카일리",,
kiiras__doyeon,KIIRAS,Doyeon,"""키라스"" 도연",,
kiiras__roah,KIIRAS,Roah,"""키라스"" 로아",,
udtt__risako,UDTT,Risako,"""UDTT"" 리사코",,
udtt__han_chaehee,UDTT,Han Chaehee,"""UDTT"" 한채희",,
udtt__koo_hanna,UDTT,Koo Hanna,"""UDTT"" 구한나",,
udtt__jessica,UDTT,Jessica,"""UDTT"" 제시카",,
udtt__kwon_yejin,UDTT,Kwon Yejin,"""UDTT"" 권예진",,
udtt__jung_sena,UDTT,Jung Sena,"""UDTT"" 정세나",,
uspeer__soee,USPEER,Soee,"""USPEER"" 소이",,
uspeer__sian,USPEER,Sian,"""USPEER"" 시안",,
uspeer__seoyu,USPEER,Seoyu,"""USPEER"" 서유",,
uspeer__daon,USPEER,Daon,"""USPEER"" 다온",,
uspeer__chaena,USPEER,Chaena,"""USPEER"" 채나",,
uspeer__roa,USPEER,Roa,"""USPEER"" 로아",,
uspeer__yeowon,USPEER,Yeowon,"""USPEER"" 여원",,
vvs__hyosung,VVS,Hyosung,"""VVS"" 효성",,
vvs__shinhwa,VVS,Shinhwa,"""VVS"" 신화",,
vvs__allan,VVS,Allan,"""VVS"" 앨런",,
vvs__minjae,VVS,Minjae,"""VVS"" 민재",,
vvs__taeseok,VVS,Taeseok,"""VVS"" 태석",,
arise__jihu,ARISE,Jihu,"""ARISE"" 지후",,
arise__jiho,ARISE,Jiho,"""ARISE"" 지호",,
arise__minju,ARISE,Minju,"""ARISE"" 민주",,
arise__jian,ARISE,Jian,"""ARISE"" 지안",,
arise__rinko,ARISE,Rinko,"""ARISE"" 린코",,
arise__alisa,ARISE,Alisa,"""ARISE"" 알리사",,
heart_of_woman__jihyun,HEART OF WOMAN,Jihyun,"""HEART OF WOMAN"" 지현",,
heart_of_woman__chaei,HEART OF WOMAN,Chaei,"""HEART OF WOMAN"" 채이",,
heart_of_woman__ayne,HEART OF WOMAN,Ayne,"""HEART OF WOMAN"" 아인",,
heart_of_woman__liri,HEART OF WOMAN,Liri,"""HEART OF WOMAN"" 리리",,
heart_of_woman__liuyin,HEART OF WOMAN,Liuyin,"""HEART OF WOMAN"" 류인",,
i_met_u__kelly,I.MET.U,Kelly,"""I.MET.U"" 켈리",,
i_met_u__lea,I.MET.U,Lea,"""I.MET.U"" 리아",,
i_met_u__yerin,I.MET.U,Yerin,"""I.MET.U"" 예린",,
i_met_u__cleo,I.MET.U,Cleo,"""I.MET.U"" 클레오",,
unchild__heekie,UNCHILD,Heekie,"""UNCHILD"" 히키",,
unchild__yeeun,UNCHILD,Yeeun,"""UNCHILD"" 예은",,
unchild__tina,UNCHILD,Tina,"""UNCHILD"" 티나",,
unchild__ako,UNCHILD,Ako,"""UNCHILD"" 아코",,
unchild__evon,UNCHILD,Evon,"""UNCHILD"" 이본",,
unchild__haeun,UNCHILD,Haeun,"""UNCHILD"" 하은",,
owis__serene,OWIS,Serene,"""OWIS"" 세린",,
owis__haru,OWIS,Haru,"""OWIS"" 하루",,
owis__soi,OWIS,Soi,"""OWIS"" 소이",,
owis__summer,OWIS,Summer,"""OWIS"" 썸머",,
owis__yuni,OWIS,Yuni,"""OWIS"" 유니",,
keyvitup__hyunmin,KEYVITUP,Hyunmin,"""KEYVITUP"" 현민",,
keyvitup__taehwan,KEYVITUP,Taehwan,"""KEYVITUP"" 태환",,
keyvitup__sena,KEYVITUP,Sena,"""KEYVITUP"" 세나",,
keyvitup__jaein,KEYVITUP,Jaein,"""KEYVITUP"" 재인",,
keyvitup__rukia,KEYVITUP,Rukia,"""KEYVITUP"" 루키아",,Bleach|블리치
tunexx__donggyu,TUNEXX,Donggyu,"""TUNEXX"" 동규",,
tunexx__inhu,TUNEXX,Inhu,"""TUNEXX"" 인후",,
tunexx__taira,TUNEXX,Taira,"""TUNEXX"" 타이라",,
tunexx__sungjun,TUNEXX,Sungjun,"""TUNEXX"" 성준",,
tunexx__zeon,TUNEXX,Zeon,"""TUNEXX"" 제온",,
tunexx__sihwan,TUNEXX,Sihwan,"""TUNEXX"" 시환",,
tunexx__arctic,TUNEXX,Arctic,"""TUNEXX"" 아틱",,
bts__rm,BTS,RM,"""방탄소년단"" 알엠",,
bts__jin,BTS,Jin,"""방탄소년단"" 진",,
bts__suga,BTS,Suga,"""방탄소년단"" 슈가",,
bts__jhope,BTS,J-Hope,"""방탄소년단"" 제이홉",,
bts__jimin,BTS,Jimin,"""방탄소년단"" 지민",,
bts__v,BTS,V,"""방탄소년단"" 뷔",,
bts__jungkook,BTS,Jungkook,"""방탄소년단"" 정국",,
txt__soobin,TXT,Soobin,"""투모로우바이투게더"" 수빈",,
txt__yeonjun,TXT,Yeonjun,"""투모로우바이투게더"" 연준",,
txt__beomgyu,TXT,Beomgyu,"""투모로우바이투게더"" 범규",,
txt__taehyun,TXT,Taehyun,"""투모로우바이투게더"" 태현",,
txt__hueningkai,TXT,Hueningkai,"""투모로우바이투게더"" 휴닝카이",,
twice__nayeon,TWICE,Nayeon,"""트와이스"" 나연",,
twice__jeongyeon,TWICE,Jeongyeon,"""트와이스"" 정연",,
twice__momo,TWICE,Momo,"""트와이스"" 모모",,
twice__sana,TWICE,Sana,"""트와이스"" 사나",,
twice__jihyo,TWICE,Jihyo,"""트와이스"" 지효",,
twice__mina,TWICE,Mina,"""트와이스"" 미나",,
twice__dahyun,TWICE,Dahyun,"""트와이스"" 다현",,
twice__chaeyoung,TWICE,Chaeyoung,"""트와이스"" 채영",,
twice__tzuyu,TWICE,Tzuyu,"""트와이스"" 쯔위",,
stray_kids__bang_chan,Stray Kids,Bang Chan,"""스트레이키즈"" 방찬",,
stray_kids__lee_know,Stray Kids,Lee Know,"""스트레이키즈"" 리노",,
stray_kids__changbin,Stray Kids,Changbin,"""스트레이키즈"" 창빈",,
stray_kids__hyunjin,Stray Kids,Hyunjin,"""스트레이키즈"" 현진",,
stray_kids__han,Stray Kids,Han,"""스트레이키즈"" 한",,
stray_kids__felix,Stray Kids,Felix,"""스트레이키즈"" 필릭스",,
stray_kids__seungmin,Stray Kids,Seungmin,"""스트레이키즈"" 승민",,
stray_kids__i_n,Stray Kids,I.N,"""스트레이키즈"" 아이엔",,
red_velvet__irene,Red Velvet,Irene,"""레드벨벳"" 아이린",,
red_velvet__seulgi,Red Velvet,Seulgi,"""레드벨벳"" 슬기",,
red_velvet__wendy,Red Velvet,Wendy,"""레드벨벳"" 웬디",,
red_velvet__joy,Red Velvet,Joy,"""레드벨벳"" 조이",,
red_velvet__yeri,Red Velvet,Yeri,"""레드벨벳"" 예리",,
itzy__yeji,ITZY,Yeji,"""있지"" 예지",,
itzy__lia,ITZY,Lia,"""있지"" 리아",,
itzy__ryujin,ITZY,Ryujin,"""있지"" 류진",,
itzy__chaeryeong,ITZY,Chaeryeong,"""있지"" 채령",,
itzy__yuna,ITZY,Yuna,"""있지"" 유나",,
iu__iu,IU,IU,"""아이유""",,
infinite__sungkyu,INFINITE,Sungkyu,"""인피니트"" 성규",,
infinite__dongwoo,INFINITE,Dongwoo,"""인피니트"" 동우",,
infinite__woohyun,INFINITE,Woohyun,"""인피니트"" 우현",,
infinite__sungyeol,INFINITE,Sungyeol,"""인피니트"" 성열",,
infinite__seongjong,INFINITE,Seongjong,"""인피니트"" 성종",,
infinite__l,INFINITE,L,"""인피니트"" 엘",,
exo__suho,EXO,Suho,"""엑소"" 수호",,
exo__xiumin,EXO,Xiumin,"""엑소"" 시우민",,
exo__lay,EXO,Lay,"""엑소"" 레이",,
exo__baekhyun,EXO,Baekhyun,"""엑소"" 백현",,
exo__chen,EXO,Chen,"""엑소"" 첸",,
exo__chanyeol,EXO,Chanyeol,"""엑소"" 찬열",,
exo__do,EXO,D.O.,"""엑소"" 디오",,
exo__kai,EXO,Kai,"""엑소"" 카이",,
exo__sehun,EXO,Sehun,"""엑소"" 세훈",,
got7__jb,GOT7,JB,"""갓세븐"" 제이비",,
got7__mark,GOT7,Mark,"""갓세븐"" 마크",,
got7__jackson,GOT7,Jackson,"""갓세븐"" 잭슨",,
got7__jinyoung,GOT7,Jinyoung,"""갓세븐"" 진영",,
got7__youngjae,GOT7,Youngjae,"""갓세븐"" 영재",,
got7__bambam,GOT7,BamBam,"""갓세븐"" 뱀뱀",,
got7__yugyeom,GOT7,Yugyeom,"""갓세븐"" 유겸",,
winner__seungyoon,WINNER,Seungyoon,"""위너"" 승윤",,
winner__mino,WINNER,Mino,"""위너"" 민호",,
winner__jinu,WINNER,Jinu,"""위너"" 진우",,
winner__seunghoon,WINNER,Seunghoon,"""위너"" 승훈",,
ikon__jay,iKON,Jay,"""아이콘"" 제이",,
ikon__song,iKON,Song,"""아이콘"" 송",,
ikon__bobby,iKON,Bobby,"""아이콘"" 바비",,
ikon__dk,iKON,DK,"""아이콘"" 디케이",,
ikon__june,iKON,Ju-ne,"""아이콘"" 준회",,
ikon__chan,iKON,Chan,"""아이콘"" 찬",,
astro__jinjin,ASTRO,JinJin,"""아스트로"" 진진",,
astro__mj,ASTRO,MJ,"""아스트로"" 엠제이",,
astro__cha_eunwoo,ASTRO,Cha Eunwoo,"""아스트로"" 차은우",,
astro__sanha,ASTRO,Sanha,"""아스트로"" 산하",,
astro__moonbin,ASTRO,Moonbin,"""아스트로"" 문빈",,
astro__rocky,ASTRO,Rocky,"""아스트로"" 라키",,
pentagon__hui,Pentagon,Hui,"""펜타곤"" 후이",,
pentagon__jinho,Pentagon,Jinho,"""펜타곤"" 진호",,
pentagon__hongseok,Pentagon,Hongseok,"""펜타곤"" 홍석",,
pentagon__shinwon,Pentagon,Shinwon,"""펜타곤"" 신원",,
pentagon__yeo_one,Pentagon,Yeo One,"""펜타곤"" 여원",,
pentagon__yanan,Pentagon,Yanan,"""펜타곤"" 옌안",,
pentagon__yuto,Pentagon,Yuto,"""펜타곤"" 유토",,
pentagon__kino,Pentagon,Kino,"""펜타곤"" 키노",,
pentagon__wooseok,Pentagon,Wooseok,"""펜타곤"" 우석",,
highlight__doojoon,Highlight,Doojoon,"""하이라이트"" 두준",,
highlight__yoseob,Highlight,Yoseob,"""하이라이트"" 요섭",,
highlight__gikwang,Highlight,Gikwang,"""하이라이트"" 기광",,
highlight__dongwoon,Highlight,Dongwoon,"""하이라이트"" 동운",,
sf9__youngbin,SF9,Youngbin,"""SF9"" 영빈",,
sf9__inseong,SF9,Inseong,"""SF9"" 인성",,
sf9__jaeyoon,SF9,Jaeyoon,"""SF9"" 재윤",,
sf9__dawon,SF9,Dawon,"""SF9"" 다원",,
sf9__hwiyoung,SF9,Hwiyoung,"""SF9"" 휘영",,
sf9__chani,SF9,Chani,"""SF9"" 찬희",,
sf9__zuho,SF9,Zuho,"""SF9"" 주호",,
sf9__taeyang,SF9,Taeyang,"""SF9"" 유태양",,
onf__hyojin,ONF,Hyojin,"""온앤오프"" 효진",,
onf__e_tion,ONF,E-Tion,"""온앤오프"" 이션",,
onf__j_us,ONF,J-Us,"""온앤오프"" 승준",,
onf__wyatt,ONF,Wyatt,"""온앤오프"" 와이엇",,
onf__mk,ONF,MK,"""온앤오프"" 민균",,
onf__u,ONF,U,"""온앤오프"" 유토",,
onf__laun,ONF,Laun,"""온앤오프"" 라운",,
the_boyz__sangyeon,The Boyz,Sangyeon,"""더보이즈"" 상연",,
the_boyz__jacob,The Boyz,Jacob,"""더보이즈"" 제이콥",,
the_boyz__younghoon,The Boyz,Younghoon,"""더보이즈"" 영훈",,
the_boyz__hyunjae,The Boyz,Hyunjae,"""더보이즈"" 현재",,
the_boyz__juyeon,The Boyz,Juyeon,"""더보이즈"" 주연",,
the_boyz__kevin,The Boyz,Kevin,"""더보이즈"" 케빈",,
the_boyz__new,The Boyz,New,"""더보이즈"" 뉴",,
the_boyz__q,The Boyz,Q,"""더보이즈"" 큐",,
the_boyz__sunwoo,The Boyz,Sunwoo,"""더보이즈"" 선우",,
the_boyz__eric,The Boyz,Eric,"""더보이즈"" 에릭",,
the_boyz__juhaknyeon,The Boyz,JuHaknyeon,"""더보이즈"" 주학년",,
blackpink__jisoo,BLACKPINK,Jisoo,"""블랙핑크"" 지수",,
blackpink__jennie,BLACKPINK,Jennie,"""블랙핑크"" 제니",,
blackpink__rose,BLACKPINK,Rosé,"""블랙핑크"" 로제",,
blackpink__lisa,BLACKPINK,Lisa,"""블랙핑크"" 리사",,
mamamoo__solar,MAMAMOO,Solar,"""마마무"" 솔라",,
mamamoo__moonbyul,MAMAMOO,Moonbyul,"""마마무"" 문별",,
mamamoo__wheein,MAMAMOO,Wheein,"""마마무"" 휘인",,
mamamoo__hwasa,MAMAMOO,Hwasa,"""마마무"" 화사",,
snsd__taeyeon,Girls' Generation,Taeyeon,"""소녀시대"" 태연",,
snsd__sunny,Girls' Generation,Sunny,"""소녀시대"" 써니",,
snsd__tiffany,Girls' Generation,Tiffany,"""소녀시대"" 티파니",,
snsd__hyoyeon,Girls' Generation,Hyoyeon,"""소녀시대"" 효연",,
snsd__yuri,Girls' Generation,Yuri,"""소녀시대"" 유리",,
snsd__sooyoung,Girls' Generation,Sooyoung,"""소녀시대"" 수영",,
snsd__yoona,Girls' Generation,Yoona,"""소녀시대"" 윤아",,
snsd__seohyun,Girls' Generation,Seohyun,"""소녀시대"" 서현",,
ohmygirl__hyojung,OH MY GIRL,Hyojung,"""오마이걸"" 효정",,
ohmygirl__mimi,OH MY GIRL,Mimi,"""오마이걸"" 미미",,
ohmygirl__yooa,OH MY GIRL,YooA,"""오마이걸"" 유아",,
ohmygirl__seunghee,OH MY GIRL,Seunghee,"""오마이걸"" 승희",,
ohmygirl__yubin,OH MY GIRL,Yubin,"""오마이걸"" 유빈",,
ohmygirl__arin,OH MY GIRL,Arin,"""오마이걸"" 아린",,
ohmygirl__jiho,OH MY GIRL,Jiho,"""오마이걸"" 지호",,
katseye__sophia,KATSEYE,Sophia,"""KATSEYE"" Sophia Laforteza",KATSEYE|Sophia|소피아,
katseye__lara,KATSEYE,Lara,"""KATSEYE"" Lara Raj",KATSEYE|Lara|라라,
katseye__daniela,KATSEYE,Daniela,"""KATSEYE"" Daniela Avanzini",KATSEYE|Daniela|다니엘라,
katseye__megan,KATSEYE,Megan,"""KATSEYE"" Megan Skiendiel",KATSEYE|Megan|메간,
katseye__manon,KATSEYE,Manon,"""KATSEYE"" Manon Bannerman",KATSEYE|Manon|마논,
aoen__yuju,aoen,Yuju,"""aoen"" Yuju",aoen|Yuju|유주,여자친구|GFRIEND|최유나
aoen__ruka,aoen,Ruka,"""aoen"" Ruka",aoen|Ruka|루카,
aoen__gaku,aoen,Gaku,"""aoen"" Gaku",aoen|Gaku|가쿠,
aoen__hikaru,aoen,Hikaru,"""aoen"" Hikaru",aoen|Hikaru|히카루,AAA|Kis-My-Ft2
aoen__sota,aoen,Sota,"""aoen"" Sota",aoen|Sota|소타,BE:FIRST
aoen__kyosuke,aoen,Kyosuke,"""aoen"" Kyosuke",aoen|Kyosuke|쿄스케,
aoen__reo,aoen,Reo,"""aoen"" Reo",aoen|Reo|레오,
santos_bravos__alejandro,SANTOS BRAVOS,Alejandro,"""Santos Bravos"" Alejandro Aramburu",Santos Bravos|Alejandro Aramburu,
santos_bravos__drew,SANTOS BRAVOS,Drew,"""Santos Bravos"" Drew Venegas",Santos Bravos|Drew Venegas,
santos_bravos__gabi,SANTOS BRAVOS,Gabi,"""Santos Bravos"" Gabi Bermudez",Santos Bravos|Gabi Bermudez,
santos_bravos__kaue,SANTOS BRAVOS,Kaue,"""Santos Bravos"" Kaue Penna",Santos Bravos|Kaue Penna,
santos_bravos__kenneth,SANTOS BRAVOS,Kenneth,"""Santos Bravos"" Kenneth Lavill",Santos Bravos|Kenneth Lavill,
vixx__n,VIXX,N,"""빅스"" 엔",VIXX|빅스,
vixx__leo,VIXX,Leo,"""빅스"" 레오",VIXX|빅스,
vixx__ken,VIXX,Ken,"""빅스"" 켄",VIXX|빅스,
vixx__hyuk,VIXX,Hyuk,"""빅스"" 혁",VIXX|빅스,
day6__sungjin,DAY6,Sungjin,"""데이식스"" 성진",DAY6|데이식스,
day6__young_k,DAY6,Young K,"""데이식스"" 영케이",DAY6|데이식스,
day6__wonpil,DAY6,Wonpil,"""데이식스"" 원필",DAY6|데이식스,
day6__dowoon,DAY6,Dowoon,"""데이식스"" 도운",DAY6|데이식스,
n_flying__seunghyub,N.Flying,Seunghyub,"""엔플라잉"" 이승협",N.Flying|엔플라잉,
n_flying__hun,N.Flying,Hun,"""엔플라잉"" 차훈",N.Flying|엔플라잉,
n_flying__jaehyun,N.Flying,Jaehyun,"""엔플라잉"" 김재현",N.Flying|엔플라잉,
n_flying__hweseung,N.Flying,Hweseung,"""엔플라잉"" 유회승",N.Flying|엔플라잉,
n_flying__dongsung,N.Flying,Dongsung,"""엔플라잉"" 서동성",N.Flying|엔플라잉,
exid__solji,EXID,Solji,"""이엑스아이디"" 솔지",EXID|이엑스아이디,
exid__elly,EXID,Elly,"""이엑스아이디"" 엘리",EXID|이엑스아이디,
exid__hani,EXID,Hani,"""이엑스아이디"" 하니",EXID|이엑스아이디,
exid__hyelin,EXID,Hyelin,"""이엑스아이디"" 혜린",EXID|이엑스아이디,
exid__jeonghwa,EXID,Jeonghwa,"""이엑스아이디"" 정화",EXID|이엑스아이디,
ladies_code__ashley,Ladies' Code,Ashley,"""레이디스 코드"" 애슐리",Ladies' Code|Ladies Code|레이디스 코드|레이디스코드,
ladies_code__sojung,Ladies' Code,Sojung,"""레이디스 코드"" 소정",Ladies' Code|Ladies Code|레이디스 코드|레이디스코드,
ladies_code__zuny,Ladies' Code,Zuny,"""레이디스 코드"" 주니",Ladies' Code|Ladies Code|레이디스 코드|레이디스코드,
lovelyz__baby_soul,Lovelyz,Baby Soul,"""러블리즈"" 베이비소울",Lovelyz|러블리즈,
lovelyz__jiae,Lovelyz,Jiae,"""러블리즈"" 지애",Lovelyz|러블리즈,
lovelyz__jisoo,Lovelyz,Jisoo,"""러블리즈"" 지수",Lovelyz|러블리즈,
lovelyz__mijoo,Lovelyz,Mijoo,"""러블리즈"" 미주",Lovelyz|러블리즈,
lovelyz__kei,Lovelyz,Kei,"""러블리즈"" 케이",Lovelyz|러블리즈,
lovelyz__jin,Lovelyz,Jin,"""러블리즈"" 진",Lovelyz|러블리즈,
lovelyz__sujeong,Lovelyz,Sujeong,"""러블리즈"" 수정",Lovelyz|러블리즈,
lovelyz__yein,Lovelyz,Yein,"""러블리즈"" 예인",Lovelyz|러블리즈,
gfriend__sowon,GFRIEND,Sowon,"""여자친구"" 소원",GFRIEND|여자친구,
gfriend__yerin,GFRIEND,Yerin,"""여자친구"" 예린",GFRIEND|여자친구,
gfriend__eunha,GFRIEND,Eunha,"""여자친구"" 은하",GFRIEND|여자친구,
gfriend__yuju,GFRIEND,Yuju,"""여자친구"" 유주",GFRIEND|여자친구,
gfriend__sinb,GFRIEND,SinB,"""여자친구"" 신비",GFRIEND|여자친구,
gfriend__umji,GFRIEND,Umji,"""여자친구"" 엄지",GFRIEND|여자친구,
bbgirls__minyoung,BBGIRLS,Minyoung,"""브브걸"" 민영",BBGIRLS|BB Girls|Brave Girls|브브걸|브레이브걸스,
bbgirls__eunji,BBGIRLS,Eunji,"""브브걸"" 은지",BBGIRLS|BB Girls|Brave Girls|브브걸|브레이브걸스,
bbgirls__yuna,BBGIRLS,Yuna,"""브브걸"" 유나",BBGIRLS|BB Girls|Brave Girls|브브걸|브레이브걸스,
wjsn__seola,WJSN,Seola,"""우주소녀"" 설아",WJSN|우주소녀|Cosmic Girls,
wjsn__bona,WJSN,Bona,"""우주소녀"" 보나",WJSN|우주소녀|Cosmic Girls,
wjsn__exy,WJSN,Exy,"""우주소녀"" 엑시",WJSN|우주소녀|Cosmic Girls,
wjsn__soobin,WJSN,Soobin,"""우주소녀"" 수빈",WJSN|우주소녀|Cosmic Girls,
wjsn__luda,WJSN,Luda,"""우주소녀"" 루다",WJSN|우주소녀|Cosmic Girls,
wjsn__dawon,WJSN,Dawon,"""우주소녀"" 다원",WJSN|우주소녀|Cosmic Girls,
wjsn__eunseo,WJSN,Eunseo,"""우주소녀"" 은서",WJSN|우주소녀|Cosmic Girls,
wjsn__yeoreum,WJSN,Yeoreum,"""우주소녀"" 여름",WJSN|우주소녀|Cosmic Girls,
wjsn__dayoung,WJSN,Dayoung,"""우주소녀"" 다영",WJSN|우주소녀|Cosmic Girls,
wjsn__yeonjung,WJSN,Yeonjung,"""우주소녀"" 연정",WJSN|우주소녀|Cosmic Girls,
momoland__hyebin,MOMOLAND,Hyebin,"""모모랜드"" 혜빈",MOMOLAND|모모랜드,
momoland__jane,MOMOLAND,Jane,"""모모랜드"" 제인",MOMOLAND|모모랜드,
momoland__nayun,MOMOLAND,Nayun,"""모모랜드"" 나윤",MOMOLAND|모모랜드,
momoland__jooe,MOMOLAND,JooE,"""모모랜드"" 주이",MOMOLAND|모모랜드,
momoland__ahin,MOMOLAND,Ahin,"""모모랜드"" 아인",MOMOLAND|모모랜드,
momoland__nancy,MOMOLAND,Nancy,"""모모랜드"" 낸시",MOMOLAND|모모랜드,
b_a_p__yongguk,B.A.P,Yongguk,"""비에이피"" 방용국",B.A.P|BAP|비에이피,
b_a_p__daehyun,B.A.P,Daehyun,"""비에이피"" 정대현",B.A.P|BAP|비에이피,
b_a_p__youngjae,B.A.P,Youngjae,"""비에이피"" 유영재",B.A.P|BAP|비에이피,
b_a_p__jongup,B.A.P,Jongup,"""비에이피"" 문종업",B.A.P|BAP|비에이피,
b_a_p__zelo,B.A.P,Zelo,"""비에이피"" 젤로",B.A.P|BAP|비에이피,
allday_project__annie,ALLDAY PROJECT,Annie,"""올데이 프로젝트"" 애니",ALLDAY PROJECT|올데이 프로젝트|애니,
allday_project__tarzzan,ALLDAY PROJECT,Tarzzan,"""올데이 프로젝트"" 타잔",ALLDAY PROJECT|올데이 프로젝트|Tarzzan|타잔,
allday_project__bailey,ALLDAY PROJECT,Bailey,"""올데이 프로젝트"" 베일리",ALLDAY PROJECT|올데이 프로젝트|Bailey|베일리,
allday_project__woochan,ALLDAY PROJECT,Woochan,"""올데이 프로젝트"" 우찬",ALLDAY PROJECT|올데이 프로젝트|우찬,
allday_project__youngseo,ALLDAY PROJECT,Youngseo,"""올데이 프로젝트"" 영서",ALLDAY PROJECT|올데이 프로젝트|영서,
